index,Brand,Product,Price,Return/Exchange,Expected Delivery,Availability,URL
1, Kadence Store,"Kadence Frontier guitar with Online Guitar learning course , Wine Red Acoustic Guitar with Die Cast Keys, Set of Strings, Strap, Picks and Bag (Wine Red, Acoustic)","4,949",7 days Replacement,"Thursday, 15 December",,https://www.amazon.in/sspa/click?ie=UTF8&spc=MTo4NzE5NTYxMzU0ODQ4ODU4OjE2NzA5MjE3NDE6c3BfYXRmOjIwMDYxNjIwNjk2MjA0OjowOjo&url=%2FKadence-Frontier-Acoustic-Guitar-Strings%2Fdp%2FB01GDZ46AA%2Fref%3Dsr_1_1_sspa%3Fkeywords%3Dguitar%26qid%3D1670921741%26sr%3D8-1-spons%26sp_csd%3Dd2lkZ2V0TmFtZT1zcF9hdGY%26psc%3D1%26smid%3DAM04Z7MH4HSDD
2, Kadence Store,"Kadence Slowhand Premium Jumbo Semi Acoustic Guitar with Heavy Padded Bag, guitar cable, Pro Capo (Black Spruce Wood)","9,900",7 days Replacement,"Saturday, 17 December",,https://www.amazon.in/sspa/click?ie=UTF8&spc=MTo4NzE5NTYxMzU0ODQ4ODU4OjE2NzA5MjE3NDE6c3BfYXRmOjIwMDU3MTkzMDU2MjA0OjowOjo&url=%2FKadence-Slowhand-Premium-Acoustic-Instrument%2Fdp%2FB077SZ667X%2Fref%3Dsr_1_2_sspa%3Fkeywords%3Dguitar%26qid%3D1670921741%26sr%3D8-2-spons%26sp_csd%3Dd2lkZ2V0TmFtZT1zcF9hdGY%26psc%3D1
3, Intern Store,"INTERN 40 inches Acoustic Guitar with Pick-up & truss rod, carry bag, strings pack, strap & picks. Premium Wooden durable built, tonal stability with professional sound amplificaiton. (Black).","5,190",7 days Replacement,"Thursday, 15 December",In stock.,https://www.amazon.in/sspa/click?ie=UTF8&spc=MTo4NzE5NTYxMzU0ODQ4ODU4OjE2NzA5MjE3NDE6c3BfYXRmOjIwMDk4NjQ2MTUzMTk4OjowOjo&url=%2FAcoustic-Pick-up-stability-professional-amplificaiton%2Fdp%2FB09YHCR3R8%2Fref%3Dsr_1_3_sspa%3Fkeywords%3Dguitar%26qid%3D1670921741%26sr%3D8-3-spons%26sp_csd%3Dd2lkZ2V0TmFtZT1zcF9hdGY%26psc%3D1
4, Hontral,Hontral S4 String Decor Guitar Children's Musical Instrument Educational Toy Small Guitar for Beginners Kids Child - 23Inch,899,7 days Returnable,"Friday, 16 December",In stock.,https://www.amazon.in/sspa/click?ie=UTF8&spc=MTo4NzE5NTYxMzU0ODQ4ODU4OjE2NzA5MjE3NDE6c3BfYXRmOjIwMDc5OTc5NTkyNDk4OjowOjo&url=%2FHontral-Childrens-Instrument-Educational-Beginners%2Fdp%2FB0BD8Y1H78%2Fref%3Dsr_1_4_sspa%3Fkeywords%3Dguitar%26qid%3D1670921741%26sr%3D8-4-spons%26sp_csd%3Dd2lkZ2V0TmFtZT1zcF9hdGY%26psc%3D1
5, Intern Store,"Intern INT-38C Right hand Acoustic Guitar Kit, With Bag, Strings, Pick And Strap, Black, small","2,299",7 days Replacement,"Thursday, 15 December",In stock.,https://www.amazon.in/Intern-INT-38C-Acoustic-Guitar-Black/dp/B073B6TQQY/ref=sr_1_5?keywords=guitar&qid=1670921741&sr=8-5
6, JUAREZ Store,"Juârez Acoustic Guitar, 38 Inch Cutaway, 038C with Bag, Strings, Pick and Strap, Black","2,398",7 days Replacement,"Thursday, 15 December",In stock.,https://www.amazon.in/Juarez-Acoustic-Cutaway-038C-Strings/dp/B017NPCSLI/ref=sr_1_6?keywords=guitar&qid=1670921741&sr=8-6
7, Intern Store,Intern INT-38C Acoustic Guitar Kit (Blue),"2,399",7 days Replacement,"Thursday, 15 December",In stock.,https://www.amazon.in/Intern-INT-38C-Acoustic-Guitar-Blue/dp/B073B5RZBV/ref=sr_1_7?keywords=guitar&qid=1670921741&sr=8-7
8, Intern Store,Intern 38C Ebony Wood Cutaway Design Acoustic Guitar with Picks And Carry Bag (Black),"2,099",7 days Replacement,"Thursday, 15 December",In stock.,https://www.amazon.in/Intern-38-inch-Cutaway-Design-Acoustic/dp/B07X4PN85R/ref=sr_1_8?keywords=guitar&qid=1670921741&sr=8-8
9, JUAREZ Store,"Juarez Acoustic Guitar, 38 Inch Curved Body Cutaway, 38CUR with Bag, Strings, Pick and Strap, Black","2,256",7 days Replacement,"Thursday, 15 December",In stock.,https://www.amazon.in/Juarez-Acoustic-Guitar-Cutaway-Strings/dp/B076QHZ4HZ/ref=sr_1_9?keywords=guitar&qid=1670921741&sr=8-9
10, Intern Store,"Intern INT-38C Acoustic Guitar Kit (Sunburst) with Carry bag, Picks, Strings set and Guitar Strap, Small","2,399",7 days Replacement,"Thursday, 15 December",In stock.,https://www.amazon.in/Intern-INT-38C-Acoustic-Guitar-Sunburst/dp/B073B5MJRM/ref=sr_1_10?keywords=guitar&qid=1670921741&sr=8-10
11, Intern Store,Intern Int-38c Sunburst Linden Wood Acoustic Guitar Kit with Carry Bag and Picks,"2,099",7 days Replacement,"Thursday, 15 December",In stock.,https://www.amazon.in/Intern-INT-38C-Sunburst-Acoustic-Guitar/dp/B07X1J4D3Z/ref=sr_1_11?keywords=guitar&qid=1670921741&sr=8-11
12, JUAREZ Store,"Juarez Acoustic Guitar, 38 Inch Cutaway with Pick Guard, 38CPG with Bag, Strings, Pick and Strap, Black","2,637",7 days Replacement,"Thursday, 15 December",In stock.,https://www.amazon.in/Juarez-Acoustic-Guitar-Cutaway-Strings/dp/B075XMRKMY/ref=sr_1_12?keywords=guitar&qid=1670921741&sr=8-12
13, YAMAHA Store,"Yamaha F280 Acoustic Rosewood Guitar (Natural, Beige)","7,340",7 days Replacement,"Friday, 16 December",In stock.,https://www.amazon.in/Yamaha-F280-Acoustic-Guitar-Natural/dp/B08317Y4VP/ref=sr_1_13?keywords=guitar&qid=1670921741&sr=8-13
14, Kadence Store,"Kadence 40 Incheses Frontier Series, wood Acoustic Guitar With/Wihtout EQ Die Cast Keys Combo (Bag,strap,strings And 3 picks) (Black, Acoustic)","4,999",7 days Replacement,"Thursday, 15 December",In stock.,https://www.amazon.in/Kadence-Frontier-Acoustic-Wihtout-strings/dp/B08PK9GZZY/ref=sr_1_14?keywords=guitar&qid=1670921741&sr=8-14
15, Fender,Fender CD 60 Dread V3 DS 6 String Acoustic Guitar - Walnut Fretboard-Black,"12,531",7 days Replacement,"Thursday, 15 December",In stock.,https://www.amazon.in/Fender-Dread-String-Acoustic-Guitar/dp/B07RM4B5LJ/ref=sxin_24?asc_contentid=amzn1.osa.39dd7fbf-afb9-4b33-a89b-5dc1ff018d2f.A21TJRUUN4KGV.en_IN&asc_contenttype=article&ascsubtag=amzn1.osa.39dd7fbf-afb9-4b33-a89b-5dc1ff018d2f.A21TJRUUN4KGV.en_IN&content-id=amzn1.sym.939c6bd1-1a0e-48f0-a138-af961f88b523%3Aamzn1.sym.939c6bd1-1a0e-48f0-a138-af961f88b523&creativeASIN=B07RM4B5LJ&cv_ct_cx=guitar&cv_ct_id=amzn1.osa.39dd7fbf-afb9-4b33-a89b-5dc1ff018d2f.A21TJRUUN4KGV.en_IN&cv_ct_pg=search&cv_ct_we=asin&cv_ct_wn=osp-single-source-pecos-desktop&keywords=guitar&linkCode=oas&pd_rd_i=B07RM4B5LJ&pd_rd_r=8db685a5-11ea-49a0-a348-a83d0ed3a2bc&pd_rd_w=IulM0&pd_rd_wg=MuAqs&pf_rd_p=939c6bd1-1a0e-48f0-a138-af961f88b523&pf_rd_r=S3N2Z6ADZPDTFS24KCBF&qid=1670921741&sr=1-1-c84eb971-91f2-4a4d-acce-811265c24254&tag=sm-content-21
16, YAMAHA Store,"Yamaha FS100C Acoustic Guitar, Natural","9,589",7 days Replacement,"Saturday, 17 December",In stock.,https://www.amazon.in/Yamaha-FS100C-Acoustic-Guitars-Natural/dp/B00QKD79QE/ref=sxin_24?asc_contentid=amzn1.osa.39dd7fbf-afb9-4b33-a89b-5dc1ff018d2f.A21TJRUUN4KGV.en_IN&asc_contenttype=article&ascsubtag=amzn1.osa.39dd7fbf-afb9-4b33-a89b-5dc1ff018d2f.A21TJRUUN4KGV.en_IN&content-id=amzn1.sym.939c6bd1-1a0e-48f0-a138-af961f88b523%3Aamzn1.sym.939c6bd1-1a0e-48f0-a138-af961f88b523&creativeASIN=B00QKD79QE&cv_ct_cx=guitar&cv_ct_id=amzn1.osa.39dd7fbf-afb9-4b33-a89b-5dc1ff018d2f.A21TJRUUN4KGV.en_IN&cv_ct_pg=search&cv_ct_we=asin&cv_ct_wn=osp-single-source-pecos-desktop&keywords=guitar&linkCode=oas&pd_rd_i=B00QKD79QE&pd_rd_r=8db685a5-11ea-49a0-a348-a83d0ed3a2bc&pd_rd_w=IulM0&pd_rd_wg=MuAqs&pf_rd_p=939c6bd1-1a0e-48f0-a138-af961f88b523&pf_rd_r=S3N2Z6ADZPDTFS24KCBF&qid=1670921741&sr=1-2-c84eb971-91f2-4a4d-acce-811265c24254&tag=sm-content-21
17, HOVNER,"Hovner 215 Black F-Cut Rosewood Fretboard Acoustic Guitar With Bag,Strap,1 Set of Extra Strings and 2 Picks By K-Retail","4,480",7 days Replacement,"Monday, 19 December",In stock.,https://www.amazon.in/Rosewood-Fretboard-Acoustic-Strings-K-Retail/dp/B07KLG8C4P/ref=sxin_24?asc_contentid=amzn1.osa.39dd7fbf-afb9-4b33-a89b-5dc1ff018d2f.A21TJRUUN4KGV.en_IN&asc_contenttype=article&ascsubtag=amzn1.osa.39dd7fbf-afb9-4b33-a89b-5dc1ff018d2f.A21TJRUUN4KGV.en_IN&content-id=amzn1.sym.939c6bd1-1a0e-48f0-a138-af961f88b523%3Aamzn1.sym.939c6bd1-1a0e-48f0-a138-af961f88b523&creativeASIN=B07KLG8C4P&cv_ct_cx=guitar&cv_ct_id=amzn1.osa.39dd7fbf-afb9-4b33-a89b-5dc1ff018d2f.A21TJRUUN4KGV.en_IN&cv_ct_pg=search&cv_ct_we=asin&cv_ct_wn=osp-single-source-pecos-desktop&keywords=guitar&linkCode=oas&pd_rd_i=B07KLG8C4P&pd_rd_r=8db685a5-11ea-49a0-a348-a83d0ed3a2bc&pd_rd_w=IulM0&pd_rd_wg=MuAqs&pf_rd_p=939c6bd1-1a0e-48f0-a138-af961f88b523&pf_rd_r=S3N2Z6ADZPDTFS24KCBF&qid=1670921741&sr=1-3-c84eb971-91f2-4a4d-acce-811265c24254&tag=sm-content-21
18, Kadence Store,"Kadence Guitar Acoustica Series, 41” Jumbo Size 6-strings Acoustic Guitar, Spruce body with Pick Guard A311 with bag… B07JKYWGJN (KAD-A-311)","6,999",7 days Replacement,"Saturday, 17 December",In stock.,https://www.amazon.in/Kadence-6-strings-Acoustic-Guitar-Natural/dp/B07JKYWGJN/ref=sxin_24?asc_contentid=amzn1.osa.39dd7fbf-afb9-4b33-a89b-5dc1ff018d2f.A21TJRUUN4KGV.en_IN&asc_contenttype=article&ascsubtag=amzn1.osa.39dd7fbf-afb9-4b33-a89b-5dc1ff018d2f.A21TJRUUN4KGV.en_IN&content-id=amzn1.sym.939c6bd1-1a0e-48f0-a138-af961f88b523%3Aamzn1.sym.939c6bd1-1a0e-48f0-a138-af961f88b523&creativeASIN=B07JKYWGJN&cv_ct_cx=guitar&cv_ct_id=amzn1.osa.39dd7fbf-afb9-4b33-a89b-5dc1ff018d2f.A21TJRUUN4KGV.en_IN&cv_ct_pg=search&cv_ct_we=asin&cv_ct_wn=osp-single-source-pecos-desktop&keywords=guitar&linkCode=oas&pd_rd_i=B07JKYWGJN&pd_rd_r=8db685a5-11ea-49a0-a348-a83d0ed3a2bc&pd_rd_w=IulM0&pd_rd_wg=MuAqs&pf_rd_p=939c6bd1-1a0e-48f0-a138-af961f88b523&pf_rd_r=S3N2Z6ADZPDTFS24KCBF&qid=1670921741&sr=1-4-c84eb971-91f2-4a4d-acce-811265c24254&tag=sm-content-21
19, JUAREZ Store,"Juarez Acoustic Guitar Kit, 38 Inch Cutaway, 38C with Bag, Strings, Pick and Strap, 3TS Sunburst","2,649",7 days Replacement,"Thursday, 15 December",In stock.,https://www.amazon.in/JUAREZ-JRZ38C-Acoustic-Sunburst-Strings/dp/B01FYYTDTU/ref=sr_1_15?keywords=guitar&qid=1670921741&sr=8-15
20, Intern Store,Intern INT-38C Natural Linden Wood Acoustic Guitar Kit with Carry Bag & Picks,"2,099",7 days Replacement,"Thursday, 15 December",In stock.,https://www.amazon.in/Intern-INT-38C-Natural-Acoustic-Guitar/dp/B07X4LPJ6H/ref=sr_1_16?keywords=guitar&qid=1670921741&sr=8-16
21, Kadence Store,"Kadence rosewood Guitar Frontier Series, Electric Acoustic Black Guitar With EQ, Die Cast Keys, Set Of Strings, Strap, Picks And Bag (Black EQ, Electric Acoustic)","5,499",7 days Replacement,"Friday, 16 December",In stock.,https://www.amazon.in/Kadence-Frontier-Acoustic-Guitar-Strings/dp/B078GTJP5Y/ref=sr_1_17?keywords=guitar&qid=1670921741&sr=8-17
22, Intern Store,"Intern INT-38C-BK-G Cutaway Right Handed Acoustic Guitar Kit, with Bag, Nickel Strings, Pick And Strap (Black) -6 Strings","2,299",7 days Replacement,"Thursday, 15 December",In stock.,https://www.amazon.in/Intern-INT-38C-BK-G-Guitar-Kit-Black/dp/B07K9497RC/ref=sr_1_18?keywords=guitar&qid=1670921741&sr=8-18
23, Medellin,"Medellin M38 carbon fiber body 38 Incheses Acoustic Guitar (Black) Durable Matt finish With hAndrest, strings, strap, bag, 3 Picks, capo, stAnd","2,429",7 days Replacement,"Friday, 16 December",In stock.,https://www.amazon.in/Medellin-Acoustic-Guitar-Carbon-Learning/dp/B09MSGQQWX/ref=sr_1_19?keywords=guitar&qid=1670921741&sr=8-19
24, Intern Store,"Intern INT-38C-NT-G 38 Incheses lindenwood Right HAnded Acoustic Guitar Kit With Bag, Strings, Pick And Strap (Natural, 6-Strings)","2,499",7 days Replacement,"Thursday, 15 December",In stock.,https://www.amazon.in/Intern-INT-38C-NT-G-Guitar-Kit-Natural/dp/B07K9MZZH9/ref=sr_1_20?keywords=guitar&qid=1670921741&sr=8-20
25, AP ENTERPRISES,"AP Enterprises String Acoustic Guitar , Learning Toys for Girl & Boys,Musical Instrument Educational Guitar Toy for Beginners Kids 17'' - ( Pack of 1 )",459,7 days Replacement,"Friday, 16 December",In stock.,https://www.amazon.in/sspa/click?ie=UTF8&spc=MTo4NzE5NTYxMzU0ODQ4ODU4OjE2NzA5MjE3NDE6c3BfbXRmOjIwMDk1NjQzNDQ1Mjk4OjowOjo&url=%2FAP-Enterprises-Instrument-Educational-Beginners%2Fdp%2FB0BMX7HJ82%2Fref%3Dsr_1_21_sspa%3Fkeywords%3Dguitar%26qid%3D1670921741%26sr%3D8-21-spons%26sp_csd%3Dd2lkZ2V0TmFtZT1zcF9tdGY%26psc%3D1
26, SG Musical Store,"SG Musical RGS100 Electric, Bass, Acoustic Guitar Folding Stand - Guitar Stand",459,10 days Returnable,"Monday, 19 December",In stock.,https://www.amazon.in/sspa/click?ie=UTF8&spc=MTo4NzE5NTYxMzU0ODQ4ODU4OjE2NzA5MjE3NDE6c3BfbXRmOjIwMTAwNzgyNzI2Njk4OjowOjo&url=%2FSG-Musical-Electric-Acoustic-Folding%2Fdp%2FB0BG5NXG17%2Fref%3Dsr_1_22_sspa%3Fkeywords%3Dguitar%26qid%3D1670921741%26sr%3D8-22-spons%26sp_csd%3Dd2lkZ2V0TmFtZT1zcF9tdGY%26psc%3D1
27, Guitar Bro Store,"GUITAR BRO - COMBO (Black Acoustic Guitar for Beginner, Guitar Learning Kit, Song Book, Video Lectures, Accessories like Pick, Bag)","8,999",7 days Replacement,December 19 - 21,In stock.,https://www.amazon.in/sspa/click?ie=UTF8&spc=MTo4NzE5NTYxMzU0ODQ4ODU4OjE2NzA5MjE3NDE6c3BfbXRmOjIwMDQ5MTI5MTM2MjAxOjowOjo&url=%2FGUITAR-BRO-Acoustic-Beginner-Accessories%2Fdp%2FB07T84GC8L%2Fref%3Dsr_1_23_sspa%3Fkeywords%3Dguitar%26qid%3D1670921741%26sr%3D8-23-spons%26sp_csd%3Dd2lkZ2V0TmFtZT1zcF9tdGY%26psc%3D1
28, VAULT Store,"Vault DA20 Dreadnought Acoustic Guitar With Gig-Bag, Picks, Strings Set, String Winder, Strap, Polishing Cloth And Allen Key","4,465",7 days Returnable,"Thursday, 15 December",In stock.,https://www.amazon.in/sspa/click?ie=UTF8&spc=MTo4NzE5NTYxMzU0ODQ4ODU4OjE2NzA5MjE3NDE6c3BfbXRmOjIwMDkyNjI0MDIxNTk4OjowOjo&url=%2FDreadnought-Acoustic-Gig-Bag-Strings-Polishing%2Fdp%2FB0BJJRJVHY%2Fref%3Dsr_1_24_sspa%3Fkeywords%3Dguitar%26qid%3D1670921741%26sr%3D8-24-spons%26sp_csd%3Dd2lkZ2V0TmFtZT1zcF9tdGY%26psc%3D1
29, Intern Store,"Intern 38C Wooden Acoustic Steel-String Guitar Premium White Cutaway Design With Carry Bag, Strings, Guitar Strap And Plectrums (Int-38C-Wh)","2,499",7 days Replacement,"Thursday, 15 December",In stock.,https://www.amazon.in/Intern-Acoustic-Steel-string-plectrums-INT-38C-WH/dp/B09LR94Z2X/ref=sr_1_25?keywords=guitar&qid=1670921741&sr=8-25
30, JUAREZ Store,"JUAREZ JRZ38C 38 Inches Lindenwood Right Handed Acoustic Guitar With Bag, Strings, Pick And Strap (Natural, Brown, 6 Strings)","2,649",7 days Replacement,"Thursday, 15 December",In stock.,https://www.amazon.in/JUAREZ-JRZ38C-Acoustic-Natural-Strings/dp/B01FYYTDWC/ref=sr_1_26_mod_primary_new?keywords=guitar&qid=1670921741&sbo=RZvfv%2F%2FHxDF%2BO5021pAnSA%3D%3D&sr=8-26
31, JUAREZ Store,"JUAREZ JRZ38C 38 Inches Lindenwood Right Handed Acoustic Guitar With Bag, Strings, Pick And Strap (Natural, Brown, 6 Strings)","2,649",7 days Replacement,"Thursday, 15 December",In stock.,https://www.amazon.in/JUAREZ-JRZ38C-Acoustic-Natural-Strings/dp/B01FYYTDWC/ref=sr_1_26_mod_new?keywords=guitar&qid=1670921741&qu=eyJxc2MiOiI1Ljc2IiwicXNhIjoiNS4yNyIsInFzcCI6IjQuMDIifQ%3D%3D&sbo=RZvfv%2F%2FHxDF%2BO5021pAnSA%3D%3D&sr=8-26
32, JUAREZ Store,"JUAREZ JRZ38C 38 Inches Lindenwood Right Handed Acoustic Guitar With Bag, Strings, Pick And Strap (Natural, Brown, 6 Strings)","2,649",7 days Replacement,"Thursday, 15 December",In stock.,https://www.amazon.in/JUAREZ-JRZ38C-Acoustic-Natural-Strings/dp/B01FYYTDWC/ref=sr_1_26_mod_new?keywords=guitar&qid=1670921741&qu=eyJxc2MiOiI1Ljc2IiwicXNhIjoiNS4yNyIsInFzcCI6IjQuMDIifQ%3D%3D&sbo=RZvfv%2F%2FHxDF%2BO5021pAnSA%3D%3D&sr=8-26
33, Kadence Store,"Kadence 40 Incheses Frontier Series, rosewood Semi Acoustic Guitar With Die Cast Keys (Bag,Strap,Strings And 3 Picks) (Natural)","5,398",7 days Replacement,"Friday, 16 December",In stock.,https://www.amazon.in/Kadence-Frontier-Acoustic-Natural-Equalizer/dp/B01I50UJG6/ref=sr_1_27?keywords=guitar&qid=1670921741&sr=8-27
34, Medellin,"Medellin M38 carbon fiber body 38 Incheses Acoustic Guitar (Blue Burst) Durable Matt finish With hAndrest, strings, strap, bag, 3 Picks, capo, stAnd","2,429",7 days Replacement,"Friday, 16 December",In stock.,https://www.amazon.in/Medellin-Acoustic-Guitar-Carbon-Learning/dp/B09MSGMQ3Y/ref=sr_1_28?keywords=guitar&qid=1670921741&sr=8-28
35, JUAREZ Store,"Juârez Acoustic Guitar, 38 Inch Cutaway, JRZ38C with Bag, Strings, Pick and Strap, Red","3,260",7 days Replacement,"Thursday, 15 December",In stock.,https://www.amazon.in/JUAREZ-JRZ38C-Handed-Acoustic-Strings/dp/B01FYYTDW2/ref=sr_1_29?keywords=guitar&qid=1670921741&sr=8-29
36, JUAREZ Store,"Juarez Acoustic Guitar Kit, 38 Inch Cutaway, 38C with Bag, Strings, Pick and Strap, TBS Transparent Blue Sunburst","2,639",7 days Replacement,"Thursday, 15 December",In stock.,https://www.amazon.in/JUAREZ-JRZ38C-Acoustic-Sunburst-Strings/dp/B01FYYTDS6/ref=sr_1_30?keywords=guitar&qid=1670921741&sr=8-30
37, Intern Store,Intern INT-38C Acoustic Guitar Kit (Red),"2,399",7 days Replacement,"Thursday, 15 December",In stock.,https://www.amazon.in/Intern-INT-38C-Acoustic-Guitar-Kit/dp/B073B6TF31/ref=sr_1_31?keywords=guitar&qid=1670921741&sr=8-31
38, Kadence Store,"Kadence Guitar Acoustica Series, 41” Jumbo Size 6-strings Acoustic Guitar, Spruce body with Pick Guard A311 with bag… B07JKYWGJN (KAD-A-311)","6,999",7 days Replacement,"Saturday, 17 December",In stock.,https://www.amazon.in/Kadence-6-strings-Acoustic-Guitar-Natural/dp/B07JKYWGJN/ref=sr_1_32?keywords=guitar&qid=1670921741&sr=8-32
39, JUAREZ Store,"Juârez JRZ38C/ZEB 6 Strings Acoustic Guitar 38 Inch Cutaway, Right Handed, Zebrawood with Bag, Strings, Picks and Strap","3,339",7 days Replacement,"Thursday, 15 December",In stock.,https://www.amazon.in/Juarez-Strings-Acoustic-Cutaway-Zebrawood/dp/B072Q9L8DG/ref=sr_1_33?keywords=guitar&qid=1670921741&sr=8-33
40, YAMAHA Store,"Yamaha FS100C Acoustic Guitar, Natural","9,589",7 days Replacement,"Saturday, 17 December",In stock.,https://www.amazon.in/Yamaha-FS100C-Acoustic-Guitars-Natural/dp/B00QKD79QE/ref=sr_1_34?keywords=guitar&qid=1670921741&sr=8-34
41, Medellin,"Medellin 38"" Acoustic Guitar premium wood with adjustable Truss-rod, free online learning course, Set Of Strings, Strap, Bag and 3 Picks (White Truss Rod)…","2,399",7 days Returnable,"Saturday, 17 December",In stock.,https://www.amazon.in/Medellin-Acoustic-adjustable-Truss-rod-learning/dp/B0BMKX4HNP/ref=sr_1_35?keywords=guitar&qid=1670921741&sr=8-35
42, JUAREZ Store,"Juarez Acoustic Guitar, 38 Inch Cutaway, 38CMB with Bag, Strings, Pick and Strap, Matte Black","2,637",7 days Replacement,"Thursday, 15 December",In stock.,https://www.amazon.in/Juarez-Acoustic-Guitar-Cutaway-Strings/dp/B084VRCCN7/ref=sr_1_36?keywords=guitar&qid=1670921741&sr=8-36
43, Intern Store,"Intern INT-38C-RD-G Linden Wood Cutaway Right Handed Acoustic Guitar Kit, With Bag, Strings, Pick And Strap (Red, 6 Strings)","2,217",7 days Replacement,"Thursday, 15 December",In stock.,https://www.amazon.in/Intern-INT-38C-RD-G-Guitar-Kit-Red/dp/B07K959RKX/ref=sr_1_37?keywords=guitar&qid=1670921741&sr=8-37
44, medellin,"Medellin MDCF38BK 38"" Carbon Fiber Acoustic Guitar With HAndrest, Set Of Strings, Strap, Bag, 3 Picks, Capo, Guitar Wall Hanging StAnd (Matt Pink)","2,429",7 days Replacement,"Friday, 16 December",In stock.,https://www.amazon.in/Medellin-Acoustic-specailized-learning-beginners/dp/B09MSH3RY1/ref=sr_1_38?keywords=guitar&qid=1670921741&sr=8-38
45, Medellin,"Medellin 38 Incheses Acoustic Guitar Carbon Fiber Body With Set Of Strings, Strap, Bag, 3 Picks, Capo, Guitar Wall Hanging Stand (own)","2,248",7 days Replacement,"Saturday, 17 December",In stock.,https://www.amazon.in/Medellin-Acoustic-LEARNING-beginners-handrest/dp/B09MSKKHJC/ref=sr_1_39?keywords=guitar&qid=1670921741&sr=8-39
46, REVEL,Revel 38 Inches Cutaway Design Acoustic Guitar with Carry bag and Plectrums. Great tone and Beginner/Learners standard size configuration for all age groups (Red),"2,904",7 days Replacement,"Thursday, 15 December",In stock.,https://www.amazon.in/Acoustic-Plectrums-Beginner-Learners-configuration/dp/B09W5V91LW/ref=sr_1_40?keywords=guitar&qid=1670921741&sr=8-40
47, Kadence Store,"Kadence Frontier 34inch guitar for Kids, Travel Guitar for Adult Acoustic Guitar with Die Cast Keys, Set of Strings, Strap, Picks and Bag (Black Guitar)","3,599",7 days Replacement,"Saturday, 17 December",Only 2 left in stock.,https://www.amazon.in/Kadence-Professional-Guitar-Years-Strings/dp/B07YZK5B2Z/ref=sr_1_41?keywords=guitar&qid=1670921741&sr=8-41
48, YAMAHA Store,"Yamaha FS100C Acoustic Guitar, Black","9,099",7 days Replacement,"Saturday, 17 December",In stock.,https://www.amazon.in/Yamaha-FS-100C-6-String-Acoustic-without/dp/B00PAS9CK6/ref=sr_1_42?keywords=guitar&qid=1670921741&sr=8-42
49, Kadence Store,"Kadence Frontier Jumbo Semi Acoustic Guitar With Die Cast Keys, Super Combo (Bag, 1 pack Strings, Strap, Picks, Capo (Black)","6,699",7 days Replacement,"Saturday, 17 December",In stock.,https://www.amazon.in/Kadence-Frontier-Acoustic-Guitar-Equalizer/dp/B01HRIHJWY/ref=sr_1_43?keywords=guitar&qid=1670921741&sr=8-43
50, Ibanez,"Ibanez MD39C-NT Acoustic Guitar (Natural), Designed in Japan and Made Specially for India","6,990",7 days Replacement,"Thursday, 15 December",In stock.,https://www.amazon.in/Ibanez-IBA-MD39CNT-Acoustic-Guitar-MD39C-NT/dp/B07G4CCMYL/ref=sr_1_44?keywords=guitar&qid=1670921741&sr=8-44
51, medellin,"Medellin MDCF38BK Carbon Fiber Acoustic Guitar With Handrest, Set Of Strings, Strap, Bag, 3 Picks, Capo, Guitar Wall Hanging Stand (Matt, Sunburst)","2,248",7 days Replacement,"Saturday, 17 December",In stock.,https://www.amazon.in/Medellin-Acoustic-specailized-learning-beginners/dp/B09MSGN39M/ref=sr_1_45?keywords=guitar&qid=1670921741&sr=8-45
52, Intern Store,Intern INT-38C Acoustic Guitar Kit (Natural),"2,147",7 days Replacement,"Thursday, 15 December",In stock.,https://www.amazon.in/Intern-INT-38C-Acoustic-Guitar-Natural/dp/B073B4D22T/ref=sr_1_46?keywords=guitar&qid=1670921741&sr=8-46
53, Kadence Store,"Kadence Slowhand Premium Jumbo Semi Acoustic Guitar with Heavy Padded Bag, guitar cable, Pro Capo (Black Spruce Wood)","9,900",7 days Replacement,"Saturday, 17 December",,https://www.amazon.in/Kadence-Slowhand-Premium-Acoustic-Instrument/dp/B077SZ667X/ref=sr_1_47?keywords=guitar&qid=1670921741&sr=8-47
54, JUAREZ Store,"Juarez Acoustic Guitar, [ LEFT HANDED] 38 Inch Cutaway, 38CL/BK with Bag, Strings, Pick and Strap, Black","2,649",7 days Replacement,"Thursday, 15 December",In stock.,https://www.amazon.in/Juarez-Acoustic-Cutaway-BK-Strings/dp/B076T3RHMG/ref=sr_1_48?keywords=guitar&qid=1670921741&sr=8-48
55, Sawtooth,Sawtooth Maple Series Left-Handed Acoustic-Electric Cutaway Jumbo Guitar with Padded Gig Bag and Pick Sampler,"2,279",Returns Policy,-,,https://www.amazon.in/Sawtooth-Left-Handed-Acoustic-Electric-Cutaway-Sampler/dp/B07GQ9HDK3/ref=sr_1_49?keywords=guitar&qid=1670921741&sr=8-49
56, Cort,"Cort AD810 Dreadnought Acoustic Guitar with Gig Bag,Tuner,Picks and Strap (Natural Bundle)","10,890",7 days Replacement,"Thursday, 15 December",In stock.,https://www.amazon.in/Cort-AD810-Dreadnought-Acoustic-Guitar/dp/B07KMBVR6V/ref=sr_1_50?keywords=guitar&qid=1670921741&sr=8-50
57, YAMAHA Store,Yamaha 22.8 Inches Merantiwood Classical Guitar C40//02 (Brown),"7,600",7 days Replacement,"Saturday, 17 December",In stock.,https://www.amazon.in/Yamaha-Classical-Guitar-C40-02/dp/B003UGCUFE/ref=sr_1_51?keywords=guitar&qid=1670921741&sr=8-51
58, Premium Quality,Premium Quality 4 String Acoustic Décor Guitar Children's Educational Musical Instrument Child Learning Random Brown Best Gift Boys & Girls 24 Inch Kids Keep Tone Picks Strap Ability Beginner Sound,899,7 days Replacement,"Friday, 16 December",In stock.,https://www.amazon.in/Premium-Quality-Childrens-Educational-Instrument/dp/B0BN91GLKJ/ref=sr_1_52?keywords=guitar&qid=1670921741&sr=8-52
59, Intern Store,"Intern INT-38C-VT-G 38 Incheses Cutaway Right HAnded lindenwood Acoustic Guitar Kit, With Bag, Strings, Pick And Strap (Violet, 6-Strings)","2,399",7 days Replacement,"Thursday, 15 December",In stock.,https://www.amazon.in/Intern-INT-38C-VT-G-Guitar-Kit-Violet/dp/B07K8YJXKL/ref=sr_1_53?keywords=guitar&qid=1670921741&sr=8-53
60, Intern Store,"INTERN 41 inches Cutaway Shape Acoustic Guitar with truss rod. Includes plectrums. Premium Wooden durable built, Best tonal stability and bend resistance (Jamming Black).…","3,090",7 days Replacement,"Thursday, 15 December",In stock.,https://www.amazon.in/Cutaway-Acoustic-plectrums-stability-resistance/dp/B09YH8LP53/ref=sr_1_54?keywords=guitar&qid=1670921741&sr=8-54
61, Kadence Store,Kadence Acoustica 34” Acoustic Guitar A03 with bag,"4,999",7 days Replacement,"Saturday, 17 December",In stock.,https://www.amazon.in/Kadence-Acoustica-Acoustic-Guitar-A03/dp/B08WCTFVT9/ref=sr_1_55?keywords=guitar&qid=1670921741&sr=8-55
62, Fender,Fender Squier 39 Inch 6 String Cutaway Acoustic Guitar Solid Top - Hardwood Fretboard - Natural SA 135C Right-Hand One of The Most reputed Guitar Brands in the World,"7,178",7 days Replacement,December 28 - 30,In stock.,https://www.amazon.in/Fender-String-Cutaway-Acoustic-Guitar/dp/B07YX5W8MV/ref=sr_1_56_mod_primary_new?keywords=guitar&qid=1670921741&sbo=RZvfv%2F%2FHxDF%2BO5021pAnSA%3D%3D&sr=8-56
63, Fender,Fender Squier 39 Inch 6 String Cutaway Acoustic Guitar Solid Top - Hardwood Fretboard - Natural SA 135C Right-Hand One of The Most reputed Guitar Brands in the World,"7,178",7 days Replacement,December 28 - 30,In stock.,https://www.amazon.in/Fender-String-Cutaway-Acoustic-Guitar/dp/B07YX5W8MV/ref=sr_1_56_mod_new?keywords=guitar&qid=1670921741&qu=eyJxc2MiOiI1Ljc2IiwicXNhIjoiNS4yNyIsInFzcCI6IjQuMDIifQ%3D%3D&sbo=RZvfv%2F%2FHxDF%2BO5021pAnSA%3D%3D&sr=8-56
64, Fender,Fender Squier 39 Inch 6 String Cutaway Acoustic Guitar Solid Top - Hardwood Fretboard - Natural SA 135C Right-Hand One of The Most reputed Guitar Brands in the World,"7,178",7 days Replacement,December 28 - 30,In stock.,https://www.amazon.in/Fender-String-Cutaway-Acoustic-Guitar/dp/B07YX5W8MV/ref=sr_1_56_mod_new?keywords=guitar&qid=1670921741&qu=eyJxc2MiOiI1Ljc2IiwicXNhIjoiNS4yNyIsInFzcCI6IjQuMDIifQ%3D%3D&sbo=RZvfv%2F%2FHxDF%2BO5021pAnSA%3D%3D&sr=8-56
65, DIKUJI ENTERPRISE,DIKUJI ENTERPRISE Plastic Medium Acoustic Guitar Learning Toy for Kids (Brown),999,7 days Replacement,"Friday, 16 December",In stock.,https://www.amazon.in/sspa/click?ie=UTF8&spc=MTo4NzE5NTYxMzU0ODQ4ODU4OjE2NzA5MjE3NDE6c3BfYnRmOjIwMDcyNTMyMDc2MjA3OjowOjo&url=%2FDIKUJI-ENTERPRISE-Acoustic-Guitar-Learning%2Fdp%2FB099GS1WG6%2Fref%3Dsr_1_57_sspa%3Fkeywords%3Dguitar%26qid%3D1670921741%26sr%3D8-57-spons%26sp_csd%3Dd2lkZ2V0TmFtZT1zcF9idGY%26psc%3D1
66, Right Search,Right Search ® Dancing Cactus and Guitar Set_CG11,"1,399",7 days Replacement,"Sunday, 18 December",In stock.,https://www.amazon.in/sspa/click?ie=UTF8&spc=MTo4NzE5NTYxMzU0ODQ4ODU4OjE2NzA5MjE3NDE6c3BfYnRmOjIwMDc3ODY4NTg3MDk4OjowOjo&url=%2FRight-Search-Dancing-Cactus-Set_CG11%2Fdp%2FB09RQ16W41%2Fref%3Dsr_1_58_sspa%3Fkeywords%3Dguitar%26qid%3D1670921741%26sr%3D8-58-spons%26sp_csd%3Dd2lkZ2V0TmFtZT1zcF9idGY%26psc%3D1
67, blueberry Store,"Blueberry B-38C-Brown 38 Inch Acoustic Guitar Kit with Bag, Strap, One Pack Strings And 2 Picks","2,695",7 days Returnable,"Saturday, 17 December",In stock.,https://www.amazon.in/sspa/click?ie=UTF8&spc=MTo4NzE5NTYxMzU0ODQ4ODU4OjE2NzA5MjE3NDE6c3BfYnRmOjIwMDc4MzM2ODg0OTk4OjowOjo&url=%2FBlueberry-B-38C-Brown-Acoustic-Guitar-Strings%2Fdp%2FB0B71BHDGQ%2Fref%3Dsr_1_59_sspa%3Fkeywords%3Dguitar%26qid%3D1670921741%26sr%3D8-59-spons%26sp_csd%3Dd2lkZ2V0TmFtZT1zcF9idGY%26psc%3D1
68, FESTRA Store,"Festra R-40-Natural Acoustic Guitar Kit with Bag, Strap, One Pack Strings And 2 Picks","4,495",7 days Returnable,"Saturday, 17 December",In stock.,https://www.amazon.in/sspa/click?ie=UTF8&spc=MTo4NzE5NTYxMzU0ODQ4ODU4OjE2NzA5MjE3NDE6c3BfYnRmOjIwMDc4MzM2ODg1OTk4OjowOjo&url=%2FFestra-R-40-Natural-Acoustic-Guitar-Strings%2Fdp%2FB09VL5DX17%2Fref%3Dsr_1_60_sspa%3Fkeywords%3Dguitar%26qid%3D1670921741%26sr%3D8-60-spons%26sp_csd%3Dd2lkZ2V0TmFtZT1zcF9idGY%26psc%3D1
69, blueberry Store,"Blueberry B-D38 38 Incheses wood Acoustic Guitar Kit Inbuilt Truss Rod With Bag, Strap, One Pack Strings And Picks (Blue)","2,515",7 days Replacement,"Saturday, 17 December",In stock.,https://www.amazon.in/sspa/click?ie=UTF8&spc=MTo1NDUwNDgzMDA4NDk2MzI5OjE2NzA5MjE3ODA6c3BfYXRmX25leHQ6MjAwNzgzMzY4ODc0OTg6OjA6Og&url=%2FBlueberry-B-D38-Acoustic-Inbuilt-Strings%2Fdp%2FB07PHYZZP1%2Fref%3Dsr_1_49_sspa%3Fkeywords%3Dguitar%26qid%3D1670921780%26sr%3D8-49-spons%26sp_csd%3Dd2lkZ2V0TmFtZT1zcF9hdGZfbmV4dA%26psc%3D1
70, Guitar Bro Store,"GUITAR BRO - COMBO (Blue Acoustic Guitar for Beginner, Guitar Learning Kit, Song Book, Video Lectures, Accessories like Pick, Bag)","8,999",7 days Replacement,December 19 - 22,In stock.,https://www.amazon.in/sspa/click?ie=UTF8&spc=MTo1NDUwNDgzMDA4NDk2MzI5OjE2NzA5MjE3ODA6c3BfYXRmX25leHQ6MjAwNDkxMjkxMzYzMDE6OjA6Og&url=%2FGUITAR-BRO-Acoustic-Beginner-Accessories%2Fdp%2FB07TC7TWCR%2Fref%3Dsr_1_50_sspa%3Fkeywords%3Dguitar%26qid%3D1670921780%26sr%3D8-50-spons%26sp_csd%3Dd2lkZ2V0TmFtZT1zcF9hdGZfbmV4dA%26psc%3D1
71, blueberry Store,"Blueberry B40L, 40"" Acoustic Guitar Kit Inbuilt Truss Rod with Bag, Strap, One Pack Strings And Picks (Classic Maroon)","4,495",7 days Returnable,"Saturday, 17 December",In stock.,https://www.amazon.in/sspa/click?ie=UTF8&spc=MTo1NDUwNDgzMDA4NDk2MzI5OjE2NzA5MjE3ODA6c3BfYXRmX25leHQ6MjAwNzgzMzY4ODUxOTg6OjA6Og&url=%2FBlueberry-Acoustic-Inbuilt-Strings-Classic%2Fdp%2FB09VLF8B8G%2Fref%3Dsr_1_51_sspa%3Fkeywords%3Dguitar%26qid%3D1670921780%26sr%3D8-51-spons%26sp_csd%3Dd2lkZ2V0TmFtZT1zcF9hdGZfbmV4dA%26psc%3D1
72, FESTRA Store,"Festra 38C, 38 Inch Acoustic Guitar Kit with Bag, Strap, One Pack Strings And 2 Picks (Acoustic 38C (38 Inch) Guitar Kit, Natural)","2,695",7 days Replacement,"Saturday, 17 December",In stock.,https://www.amazon.in/sspa/click?ie=UTF8&spc=MTo1NDUwNDgzMDA4NDk2MzI5OjE2NzA5MjE3ODA6c3BfYXRmX25leHQ6MjAwNzgzMzY4ODgyOTg6OjA6Og&url=%2FFestra-38C-Acoustic-Strings-Natural%2Fdp%2FB09JT6C952%2Fref%3Dsr_1_52_sspa%3Fkeywords%3Dguitar%26qid%3D1670921780%26sr%3D8-52-spons%26sp_csd%3Dd2lkZ2V0TmFtZT1zcF9hdGZfbmV4dA%26psc%3D1
73, Martin Smith,Martin Smith W-101-SB-PK Acoustic Guitar Super Kit with Stand (Sun Burst),"4,149",7 days Replacement,"Thursday, 15 December",In stock.,https://www.amazon.in/Martin-Smith-W-101-SB-PK-Acoustic-Guitar/dp/B019MY0ZGI/ref=sr_1_53?keywords=guitar&qid=1670921780&sr=8-53
74, Shanrya,"Wooden Miniature Guitar, Stylish Long Service Life Steel-String Acoustic Guitars for Home Office Decoration","1,510",7 days Returnable,December 28 - 31,In stock.,https://www.amazon.in/Miniature-Stylish-Steel-String-Acoustic-Decoration/dp/B09NVZLX9J/ref=sr_1_54?keywords=guitar&qid=1670921780&sr=8-54
75, YAMAHA Store,Yamaha FS80C 25 Incheses sprucewood The Ultimate Concert Body Cutaway Acoustic Guitar (Black) With Bajaao Gig-Bag,"8,699",7 days Replacement,December 19 - 20,-,https://www.amazon.in/Ultimate-Concert-Cutaway-Acoustic-Bajaao/dp/B08WHWKKV5/ref=sr_1_55?keywords=guitar&qid=1670921780&sr=8-55
76, JUAREZ Store,"Juârez JRZ38C/MAH 6 Strings Acoustic Guitar 38 Inch Cutaway, Right Handed, Mahogany with Bag, Strings, Picks and Strap","3,522",7 days Replacement,"Thursday, 15 December",In stock.,https://www.amazon.in/JRZ38C-Strings-Acoustic-Cutaway-Mahogany/dp/B071JM8C6T/ref=sr_1_56?keywords=guitar&qid=1670921780&sr=8-56
77, VAULT Store,Vault EA40 41 inch Premium Solid Spruce-Top Cutaway Acoustic Guitar,"7,290",7 days Replacement,"Thursday, 15 December",In stock.,https://www.amazon.in/Premium-Spruce-Top-Cutaway-Acoustic-Guitar/dp/B08FFZY6BJ/ref=sr_1_57?keywords=guitar&qid=1670921780&sr=8-57
78, Intern Store,"INTERN 41 inches Acoustic Guitar with truss rod. Includes carry bag, strings pack, strap & plectrums. Premium Wooden durable built, tonal stability & for all age-groups (Jamming Black).…","3,590",7 days Replacement,"Thursday, 15 December",In stock.,https://www.amazon.in/Acoustic-strings-plectrums-stability-age-groups/dp/B09YHC3LX6/ref=sr_1_58?keywords=guitar&qid=1670921780&sr=8-58
79, Fender,Fender Model FA-15 Nat 3/4 Size Steel Stringed Acoustic Guitar with Gig Bag-971170121,"16,350",7 days Replacement,"Thursday, 15 December",Only 2 left in stock.,https://www.amazon.in/Fender-String-Beginner-Acoustic-Guitar/dp/B07BCN6FFH/ref=sr_1_59?keywords=guitar&qid=1670921780&sr=8-59
80, YAMAHA Store,"Yamaha F280 Acoustic Guitar, Tobacco Brown Sunburst","6,890",7 days Replacement,,,https://www.amazon.in/Yamaha-Acoustic-Guitar-Tobacco-Sunburst/dp/B08VXR74Q2/ref=sr_1_60_mod_primary_new?keywords=guitar&qid=1670921780&sbo=RZvfv%2F%2FHxDF%2BO5021pAnSA%3D%3D&sr=8-60
81, YAMAHA Store,"Yamaha F280 Acoustic Guitar, Tobacco Brown Sunburst","6,890",7 days Replacement,,,https://www.amazon.in/Yamaha-Acoustic-Guitar-Tobacco-Sunburst/dp/B08VXR74Q2/ref=sr_1_60_mod_new?keywords=guitar&qid=1670921780&qu=eyJxc2MiOiI1Ljc2IiwicXNhIjoiNS4yNyIsInFzcCI6IjQuMDIifQ%3D%3D&sbo=RZvfv%2F%2FHxDF%2BO5021pAnSA%3D%3D&sr=8-60
82, YAMAHA Store,"Yamaha F280 Acoustic Guitar, Tobacco Brown Sunburst","6,890",7 days Replacement,,,https://www.amazon.in/Yamaha-Acoustic-Guitar-Tobacco-Sunburst/dp/B08VXR74Q2/ref=sr_1_60_mod_new?keywords=guitar&qid=1670921780&qu=eyJxc2MiOiI1Ljc2IiwicXNhIjoiNS4yNyIsInFzcCI6IjQuMDIifQ%3D%3D&sbo=RZvfv%2F%2FHxDF%2BO5021pAnSA%3D%3D&sr=8-60
83, Jyotaksh Store,"JYOTAKSH STORE Givson Venus VS-BLK, Right Handed 6 Strings Acoustic Guitar with Cover/Bag(Black)","4,100",7 days Returnable,December 19 - 21,In stock.,https://www.amazon.in/JYOTAKSH-Givson-Venus-Strings-Acoustic/dp/B0BFHCR6WL/ref=sr_1_61?keywords=guitar&qid=1670921780&sr=8-61
84, YAMAHA Store,"YAMAHA F310-TBS Right Handed Spruce, Back/Side/Rib, Meranti Acoustic Guitar (Tobacco Sunburst, 6-Strings)","9,780",7 days Replacement,"Saturday, 17 December",Only 1 left in stock.,https://www.amazon.in/Yamaha-6-String-Acoustic-Right-Handed-Sunburst/dp/B000WITGQO/ref=sr_1_62?keywords=guitar&qid=1670921780&sr=8-62
85, JUAREZ Store,JUAREZ Arpeggio Guitar JRB40LN-3TS,"5,299",7 days Replacement,"Thursday, 15 December",In stock.,https://www.amazon.in/JUAREZ-JRB40LN-3TS-Arpeggio-Guitar/dp/B08MW8F9VS/ref=sr_1_63?keywords=guitar&qid=1670921780&sr=8-63
86, VAULT Store,Vault TL1 Tele Style Electric Guitar - Black,"10,309",7 days Returnable,"Thursday, 15 December",In stock.,https://www.amazon.in/Vault-Tele-Style-Electric-Guitar/dp/B09ZJ3Q1KM/ref=sr_1_64?keywords=guitar&qid=1670921780&sr=8-64
87, Pyle,"Beginner 30"" Classical Acoustic Guitar - 6 String Junior Linden Wood Traditional Guitar W/Wooden Fretboard, Case Bag, Strap, Tuner, Nylon Strings, Picks, Great For Beginner, Children - Pyle Pgacls30","16,799",7 days Replacement,December 28 - 31,In stock.,https://www.amazon.in/Classical-Traditional-Fretboard-Pyle-PGACLS30/dp/B07NVWHBBH/ref=sr_1_65?keywords=guitar&qid=1670921780&sr=8-65
88, VAULT Store,Vault RG1 Soloist Premium Electric Guitar - Transparent Black,"10,999",7 days Returnable,"Thursday, 15 December",In stock.,https://www.amazon.in/Vault-Soloist-Premium-Electric-Guitar/dp/B09GLZSS95/ref=sr_1_66?keywords=guitar&qid=1670921780&sr=8-66
89, JUAREZ Store,"Juârez Acoustic Guitar, 38 Inch Cutaway, JRZ38CT, Hippie Funky Design, with Bag, Picks, Strap & Extra String set","2,489",7 days Replacement,"Thursday, 15 December",In stock.,https://www.amazon.in/Juarez-Acoustic-Guitar-Cutaway-JRZ38CT/dp/B01N3TTYJQ/ref=sr_1_67?keywords=guitar&qid=1670921780&sr=8-67
90, YAMAHA Store,YAMAHA FS80C NATURAL CONCERT CUTAWAY GUITAR,"8,939",7 days Replacement,"Friday, 16 December",In stock.,https://www.amazon.in/YAMAHA-NATURAL-CONCERT-CUTAWAY-GUITAR/dp/B08KW4DRKL/ref=sr_1_68?keywords=guitar&qid=1670921780&sr=8-68
91, Right Search,Right Search ® Dancing Cactus and Guitar Set_CG1001,"1,399",7 days Replacement,"Sunday, 18 December",In stock.,https://www.amazon.in/sspa/click?ie=UTF8&spc=MTo1NDUwNDgzMDA4NDk2MzI5OjE2NzA5MjE3ODA6c3BfbXRmOjIwMDc3ODY4NTg3MTk4OjowOjo&url=%2FRight-Search-Dancing-Cactus-Set_CG1001%2Fdp%2FB09RJDLKMF%2Fref%3Dsr_1_69_sspa%3Fkeywords%3Dguitar%26qid%3D1670921780%26sr%3D8-69-spons%26sp_csd%3Dd2lkZ2V0TmFtZT1zcF9tdGY%26psc%3D1
92, KETOSTICS,"Givson Venus Special Cutaway Rosewood 41 Inch Acoustic Guitar Kit with Bag, Rhythm String Set, Strap and 5 Plectrums, (sunbrust)","4,199",7 days Returnable,"Sunday, 18 December",In stock.,https://www.amazon.in/sspa/click?ie=UTF8&spc=MTo1NDUwNDgzMDA4NDk2MzI5OjE2NzA5MjE3ODA6c3BfbXRmOjIwMDk5ODg4Mzk5NDk4OjowOjo&url=%2FSpecial-Cutaway-Rosewood-Acoustic-Plectrums%2Fdp%2FB09P3YQQLK%2Fref%3Dsr_1_70_sspa%3Fkeywords%3Dguitar%26qid%3D1670921780%26sr%3D8-70-spons%26sp_csd%3Dd2lkZ2V0TmFtZT1zcF9tdGY%26psc%3D1
93, Cort,"Cort AD810 Dreadnought Acoustic Guitar with Gig Bag,Tuner,Picks and Strap (Natural Bundle)","10,890",7 days Replacement,"Thursday, 15 December",In stock.,https://www.amazon.in/sspa/click?ie=UTF8&spc=MTo1NDUwNDgzMDA4NDk2MzI5OjE2NzA5MjE3ODA6c3BfbXRmOjIwMDE5NjI1NTkyMTA0OjowOjo&url=%2FCort-AD810-Dreadnought-Acoustic-Guitar%2Fdp%2FB07KMBVR6V%2Fref%3Dsr_1_71_sspa%3Fkeywords%3Dguitar%26qid%3D1670921780%26sr%3D8-71-spons%26sp_csd%3Dd2lkZ2V0TmFtZT1zcF9tdGY%26psc%3D1%26smid%3DA2E0IZ06LXDJ9X
94, TECHBLAZE Store,"Techblaze 22 Pcs Guitar Kit Set Guitar Strings Changing Kit Guitar Tool Kit with 6 Strings, 12 Multicolored Picks, 1 Guitar Capo, 1 String Winder 1 String Cutter, 1 Guitar Tuner for Acoustic Guitars",769,7 days Replacement,"Sunday, 18 December",In stock.,https://www.amazon.in/sspa/click?ie=UTF8&spc=MTo1NDUwNDgzMDA4NDk2MzI5OjE2NzA5MjE3ODA6c3BfbXRmOjIwMDk5NzMwMzE0NDk4OjowOjo&url=%2FTechblaze-Strings-Changing-Multicolored-Acoustic%2Fdp%2FB08L64C7LX%2Fref%3Dsr_1_72_sspa%3Fkeywords%3Dguitar%26qid%3D1670921780%26sr%3D8-72-spons%26sp_csd%3Dd2lkZ2V0TmFtZT1zcF9tdGY%26psc%3D1
95, YAMAHA Store,YAMAHA FS80C BLACK CONCERT CUTAWAY GUITAR,"7,590",7 days Replacement,-,-,https://www.amazon.in/YAMAHA-FS80C-CONCERT-CUTAWAY-GUITAR/dp/B08WBBVMVJ/ref=sr_1_73?keywords=guitar&qid=1670921780&sr=8-73
96, VAULT Store,Vault DA40 41 Inch Premium Solid Spruce-Top Dreadnought Acoustic Guitar With Allen Key,"6,930",7 days Returnable,"Thursday, 15 December",In stock.,https://www.amazon.in/Premium-Spruce-Top-Dreadnought-Acoustic-Guitar/dp/B0BJK1CWSN/ref=sr_1_74?keywords=guitar&qid=1670921780&sr=8-74
97, Medellin,"Medellin 38"" Acoustic Guitar Carbon Fiber body+(Free Online Learning Course) - Durable Matt finish with handrest, strings, strap, bag, 3 Picks, capo, stand. (natural)","2,429",7 days Replacement,"Friday, 16 December",In stock.,https://www.amazon.in/Medellin-carbn-guitar-38inch-NATURAL/dp/B09MSHD6TS/ref=sr_1_75?keywords=guitar&qid=1670921780&sr=8-75
98, Fender,Fender 0930307021 SA-105CE Dreadnought Cutaway Electric Guitar - Natural,"11,800",7 days Replacement,"Saturday, 17 December",In stock.,https://www.amazon.in/Fender-0930307021-SA-105CE-Dreadnought-Electric/dp/B009X3PLRC/ref=sr_1_76?keywords=guitar&qid=1670921780&sr=8-76
99, YAMAHA Store,Yamaha FX280 Natural Electro Acoustic Guitar,"10,570",7 days Replacement,,,https://www.amazon.in/Yamaha-FX280-acoustic-Dreadnought-Natural/dp/B09HR6BNFQ/ref=sr_1_77_mod_primary_new?keywords=guitar&qid=1670921780&sbo=RZvfv%2F%2FHxDF%2BO5021pAnSA%3D%3D&sr=8-77
100, YAMAHA Store,Yamaha FX280 Natural Electro Acoustic Guitar,"10,570",7 days Replacement,,,https://www.amazon.in/Yamaha-FX280-acoustic-Dreadnought-Natural/dp/B09HR6BNFQ/ref=sr_1_77_mod_new?keywords=guitar&qid=1670921780&qu=eyJxc2MiOiI1Ljc2IiwicXNhIjoiNS4yNyIsInFzcCI6IjQuMDIifQ%3D%3D&sbo=RZvfv%2F%2FHxDF%2BO5021pAnSA%3D%3D&sr=8-77
101, YAMAHA Store,Yamaha FX280 Natural Electro Acoustic Guitar,"10,570",7 days Replacement,,,https://www.amazon.in/Yamaha-FX280-acoustic-Dreadnought-Natural/dp/B09HR6BNFQ/ref=sr_1_77_mod_new?keywords=guitar&qid=1670921780&qu=eyJxc2MiOiI1Ljc2IiwicXNhIjoiNS4yNyIsInFzcCI6IjQuMDIifQ%3D%3D&sbo=RZvfv%2F%2FHxDF%2BO5021pAnSA%3D%3D&sr=8-77
102, YAMAHA Store,"YAMAHA F310, 6-Strings Rose Wood Acoustic Guitar, Natural","9,299",7 days Replacement,"Saturday, 17 December",In stock.,https://www.amazon.in/Yamaha-F310-6-Strings-Acoustic-Natural/dp/B000RVYW7E/ref=sr_1_78?keywords=guitar&qid=1670921780&sr=8-78
103, YAMAHA Store,Yamaha FSX80C Semi acoustic cutaway guitar (Black),"12,450",7 days Replacement,"Saturday, 17 December",Only 2 left in stock.,https://www.amazon.in/Yamaha-FSX80C-Acoustic-Cutaway-Guitar/dp/B09HL5WFDX/ref=sr_1_79_mod_primary_new?keywords=guitar&qid=1670921780&sbo=RZvfv%2F%2FHxDF%2BO5021pAnSA%3D%3D&sr=8-79
104, YAMAHA Store,Yamaha FSX80C Semi acoustic cutaway guitar (Black),"12,450",7 days Replacement,"Saturday, 17 December",Only 2 left in stock.,https://www.amazon.in/Yamaha-FSX80C-Acoustic-Cutaway-Guitar/dp/B09HL5WFDX/ref=sr_1_79_mod_new?keywords=guitar&qid=1670921780&qu=eyJxc2MiOiI1Ljc2IiwicXNhIjoiNS4yNyIsInFzcCI6IjQuMDIifQ%3D%3D&sbo=RZvfv%2F%2FHxDF%2BO5021pAnSA%3D%3D&sr=8-79
105, YAMAHA Store,Yamaha FSX80C Semi acoustic cutaway guitar (Black),"12,450",7 days Replacement,"Saturday, 17 December",Only 2 left in stock.,https://www.amazon.in/Yamaha-FSX80C-Acoustic-Cutaway-Guitar/dp/B09HL5WFDX/ref=sr_1_79_mod_new?keywords=guitar&qid=1670921780&qu=eyJxc2MiOiI1Ljc2IiwicXNhIjoiNS4yNyIsInFzcCI6IjQuMDIifQ%3D%3D&sbo=RZvfv%2F%2FHxDF%2BO5021pAnSA%3D%3D&sr=8-79
106, JUAREZ Store,"Juarez Acoustic Guitar, 38 Inch Cutaway with Pick Guard, 38C/RDS with Bag, Strings, Pick and Strap, Red Sunburst","2,482",7 days Replacement,"Thursday, 15 December",In stock.,https://www.amazon.in/Acoustic-Cutaway-RDS-Strings-Sunburst/dp/B076QGY91P/ref=sr_1_80?keywords=guitar&qid=1670921780&sr=8-80
107, Stagg,"Stagg, Acoustic Electric Guitar, Auditorium Cutaway -Open Pore SA25 ACE MAHO, Mahogony","14,269",7 days Replacement,"Friday, 16 December",Only 1 left in stock.,https://www.amazon.in/Stagg-Auditorium-SA25-ACE-MAHO/dp/B09HQ2685T/ref=sr_1_81?keywords=guitar&qid=1670921780&sr=8-81
108, HOVNER,"Hovner Carlton Special Quality Rosewood Fretboard Blue Semi Acoustic Guitar With Bag,Strap,1 Set of Extra Strings and 2 Picks By K-Retail (Blue)","4,750",7 days Replacement,"Monday, 19 December",In stock.,https://www.amazon.in/Carlton-Rosewood-Fretboard-Acoustic-K-Retail/dp/B07KK8P9VB/ref=sr_1_82?keywords=guitar&qid=1670921780&sr=8-82
109, Kadence Store,"Kadence Frontier Series Acoustic Guitar With Equalizer, Super Combo with Bag, 1 pack Strings, Strap, Picks, Capo, Tuner and Guitar Stand","6,699",7 days Replacement,"Saturday, 17 December",In stock.,https://www.amazon.in/Kadence-Frontier-Acoustic-Equalizer-Strings/dp/B01HRIHH9E/ref=sr_1_83?keywords=guitar&qid=1670921780&sr=8-83
110, PRS Guitars Store,"PRS Guitars Electric Guitar, SE Custom 24, 2021 Series -Faded Blue Burst CU44DC","88,635",7 days Replacement,"Friday, 16 December",Only 1 left in stock.,https://www.amazon.in/PRS-Guitars-Electric-Guitar-Custom/dp/B08T7PYWDV/ref=sr_1_84?keywords=guitar&qid=1670921780&sr=8-84
111, YAMAHA Store,Yamaha PACIFICA012 Electric Guitar - Black,"15,990",7 days Replacement,"Saturday, 17 December",Only 2 left in stock.,https://www.amazon.in/Yamaha-Pacifica-PAC012-Electric-Guitar/dp/B00123DQT6/ref=sr_1_85?keywords=guitar&qid=1670921780&sr=8-85
112, Fender,Fender Squier Dreadnought Semi Acoustic Guitar Solid Top Right-Hand (Natural) CD-60 SCE NAT 0970193021 One of The Most reputed Guitar Brands in the World,"25,320",7 days Replacement,"Thursday, 15 December",In stock.,https://www.amazon.in/FENDER-CD60SCE-NAT-Dreadnought-Spruce-Semi-Acoustic/dp/B01MSBHU7X/ref=sr_1_86?keywords=guitar&qid=1670921780&sr=8-86
113, YAMAHA Store,"Yamaha FS100C Acoustic Guitar, Natural","9,389",7 days Replacement,"Thursday, 15 December",In stock.,https://www.amazon.in/Yamaha-FS100C-Acoustic-Guitar-Natural/dp/B08Z3DVN8N/ref=sr_1_87?keywords=guitar&qid=1670921780&sr=8-87
114, Intern Store,"INTERN 40 inches Acoustic Guitar with Pick-up & truss rod, carry bag, strings pack, strap & picks. Premium Wooden durable built, tonal stability with professional sound amplificaiton. (Black).","5,190",7 days Replacement,"Thursday, 15 December",In stock.,https://www.amazon.in/Acoustic-Pick-up-stability-professional-amplificaiton/dp/B09YHCR3R8/ref=sr_1_88?keywords=guitar&qid=1670921780&sr=8-88
115, YAMAHA Store,"Yamaha 16 Incheses wood Acoustic Guitar F280 Dreadnought With Mexa Sponge Bag Belt,Plectrums, String Set & Guitar StAnd (Natural)","8,780",7 days Replacement,"Friday, 16 December",In stock.,https://www.amazon.in/Acoustic-F280-Dreadnought-Plectrums-Natural/dp/B092TPXZRN/ref=sr_1_89?keywords=guitar&qid=1670921780&sr=8-89
116, Ibanez,"Ibanez MD39C-NT 39"" Cutaway Acoustic Guitar With Gig-Bag, Polishing Cloth And E-Book","8,299",7 days Replacement,"Thursday, 15 December",In stock.,https://www.amazon.in/Ibanez-MD39C-NT-Cutaway-Acoustic-Polishing/dp/B084C1DGCV/ref=sr_1_90?keywords=guitar&qid=1670921780&sr=8-90
117, YAMAHA Store,"Yamaha F280 Acoustic Guitar, Natural With Bajaao Gig Bag","8,099",7 days Replacement,"Thursday, 15 December",In stock.,https://www.amazon.in/Yamaha-Acoustic-Guitar-Natural-Bajaao/dp/B08RMP2F6Z/ref=sr_1_91?keywords=guitar&qid=1670921780&sr=8-91
118, YAMAHA Store,"Yamaha PACIFICA012 Electric Guitar, Red Metallic","13,279",Returns Policy,-,-,https://www.amazon.in/Yamaha-PAC012-Electric-Guitar-Metallic/dp/B000MLY7XS/ref=sr_1_92?keywords=guitar&qid=1670921780&sr=8-92
119, Ibanez,"Ibanez GRG170DX 40 Inches Wood Electric Guitar, Black","21,039",7 days Replacement,"Thursday, 15 December",In stock.,https://www.amazon.in/Ibanez-GRG170DX-Electric-Guitar-Black/dp/B001EM180O/ref=sr_1_93?keywords=guitar&qid=1670921780&sr=8-93
120, medellin,"Medellin 38"" Acoustic Guitar Purple Burst Carbon Fiber body+(Free Online Learning Course) - Durable Matt finish with handrest, strings, strap, bag, 3 Picks, capo, stand.","2,429",7 days Replacement,"Saturday, 17 December",In stock.,https://www.amazon.in/Medellin-Acoustic-Guitar-Purple-Learning/dp/B09MSGPQ43/ref=sr_1_94?keywords=guitar&qid=1670921780&sr=8-94
121, Pluto,Pluto HW41C-201P 41-inch Cutaway Semi-Acoustic Guitar (Black),"8,500",7 days Replacement,"Thursday, 15 December",Only 1 left in stock.,https://www.amazon.in/Pluto-HW41C-201P-41-inch-Cutaway-Semi-Acoustic/dp/B07F2QF8XG/ref=sr_1_95?keywords=guitar&qid=1670921780&sr=8-95
122, Fender,Fender CD 60 Dread V3 DS 6 String Acoustic Guitar - Walnut Fretboard-Natural,"12,531",7 days Replacement,"Thursday, 15 December",In stock.,https://www.amazon.in/Fender-Dread-String-Acoustic-Guitar/dp/B07RL6VG3H/ref=sr_1_96?keywords=guitar&qid=1670921780&sr=8-96
123, blueberry Store,"Blueberry R-701 Gray, 6 String Right Handed Beginner Full Size Rosewood Fret board Electric Guitar with Bag, Strap, One Set of Strings and 2 Picks","5,999",7 days Returnable,"Saturday, 17 December",In stock.,https://www.amazon.in/Blueberry-Beginner-Rosewood-Electric-Strings/dp/B0BLYP3Q6S/ref=sr_1_97?keywords=guitar&qid=1670921780&sr=8-97
124, Cort,Cort X100 15.75 Inches 6-String Merantiwood Electric Guitar (Black),"15,120",7 days Replacement,"Sunday, 18 December",Only 1 left in stock.,https://www.amazon.in/Cort-X100-6-String-Electric-Guitar/dp/B07QKWFTK1/ref=sr_1_98?keywords=guitar&qid=1670921780&sr=8-98
125, PRS Guitars Store,"PRS, Electric Guitar, SE Starla 2020 Series -Metallic Green RLMG","75,980",7 days Replacement,"Thursday, 15 December",Only 1 left in stock.,https://www.amazon.in/PRS-Electric-Guitar-Starla-Metallic/dp/B07ZGGQR2G/ref=sr_1_99?keywords=guitar&qid=1670921780&sr=8-99
126, Kadence Store,"Kadence 40 Incheses Frontier Series, rosewood Semi Acoustic Guitar With Die Cast Keys (Bag,Strap,Strings And 3 Picks) (own)","5,799",7 days Replacement,"Saturday, 17 December",In stock.,https://www.amazon.in/Kadence-Frontier-Acoustic-Guitar-Strings/dp/B07T48VTZ1/ref=sr_1_100?keywords=guitar&qid=1670921780&sr=8-100
127, Henrix Store,"Henrix 38C PRO 38 Inch Cutaway Acoustic Guitar With with Die-cast Tuners, Dual-action Truss Rod, Gig-Bag, Picks, String set, String Winder, Strap & Polishing Cloth - Black","3,599",7 days Replacement,"Thursday, 15 December",In stock.,https://www.amazon.in/Henrix-Cutaway-Acoustic-Die-Cast-Tuners/dp/B07KMXDXBV/ref=sr_1_101?keywords=guitar&qid=1670921780&sr=8-101
128, Epiphone,Epiphone DR-100 6 Strings Right handed Acoustic Guitar Natural,"15,200",7 days Replacement,"Thursday, 15 December",In stock.,https://www.amazon.in/Epiphone-DR-100-Acoustic-Guitar-Natural/dp/B0002D02IU/ref=sr_1_102?keywords=guitar&qid=1670921780&sr=8-102
129, JUAREZ Store,"Juârez Acoustic Guitar, 38 Inch Cutaway, JRZ38C with Bag, Strings, Pick and Strap, Blue","3,224",7 days Replacement,"Thursday, 15 December",In stock.,https://www.amazon.in/JUAREZ-JRZ38C-Handed-Acoustic-Strings/dp/B01FYYTDX6/ref=sr_1_103?keywords=guitar&qid=1670921780&sr=8-103
130, Kadence Store,"Kadence Guitar 36” Acoustica Series, Electric Acoustic Guitar, Ash Wood with Pickup and Inbuilt tuner Travel GUitar Small Size for Kids and Adult (A06 36"")","6,299",7 days Replacement,"Saturday, 17 December",In stock.,https://www.amazon.in/Kadence-ACOUSTICA-guitar-WALNUT-Acoustic/dp/B08PBKRK6L/ref=sr_1_104?keywords=guitar&qid=1670921780&sr=8-104
131, KETOSTICS,"Givson Venus Special Cutaway Rosewood 41 Inch Acoustic Semi Electric Guitar Kit with Bag, Rhythm String Set, Strap and 5 Plectrums, (Black)","4,499",7 days Returnable,"Sunday, 18 December",In stock.,https://www.amazon.in/sspa/click?ie=UTF8&spc=MTo1NDUwNDgzMDA4NDk2MzI5OjE2NzA5MjE3ODA6c3BfYnRmOjIwMDk5ODg4Mzk5Mzk4OjowOjo&url=%2FSpecial-Rosewood-Acoustic-Electric-Plectrums%2Fdp%2FB09P3YMHCD%2Fref%3Dsr_1_105_sspa%3Fkeywords%3Dguitar%26qid%3D1670921780%26sr%3D8-105-spons%26sp_csd%3Dd2lkZ2V0TmFtZT1zcF9idGY%26psc%3D1
132, VD ENTERPRISE,VD ENTERPRISE String Acoustic Guitar | Adjustable Tunning Knob | Classical Guitar Toy | Musical Instrument Learning Toy for Kids,799,7 days Replacement,"Friday, 16 December",In stock.,https://www.amazon.in/sspa/click?ie=UTF8&spc=MTo1NDUwNDgzMDA4NDk2MzI5OjE2NzA5MjE3ODA6c3BfYnRmOjIwMTAyMDM2OTc1OTk4OjowOjo&url=%2FVD-ENTERPRISE-Adjustable-Classical-Instrument%2Fdp%2FB08S323L6W%2Fref%3Dsr_1_106_sspa%3Fkeywords%3Dguitar%26qid%3D1670921780%26sr%3D8-106-spons%26sp_csd%3Dd2lkZ2V0TmFtZT1zcF9idGY%26psc%3D1
133, SMART HUB,"Smart Hub String Acoustic Guitar , Learning Toys for Girl & Boys,Musical Instrument Educational Guitar Toy for Beginners Kids 17'' - ( Pack of 1 )",499,10 days Returnable,"Friday, 16 December",In stock.,https://www.amazon.in/sspa/click?ie=UTF8&spc=MTo1NDUwNDgzMDA4NDk2MzI5OjE2NzA5MjE3ODA6c3BfYnRmOjIwMTAxNTE2NzI5Njk4OjowOjo&url=%2FAcoustic-Learning-Instrument-Educational-Beginners%2Fdp%2FB0BMXLCY85%2Fref%3Dsr_1_107_sspa%3Fkeywords%3Dguitar%26qid%3D1670921780%26sr%3D8-107-spons%26sp_csd%3Dd2lkZ2V0TmFtZT1zcF9idGY%26psc%3D1
134, GIVSON Store,"Givson Venus Special Cutaway Rosewood 41 Inch Acoustic Guitar Kit With Cover/Bag, String Set, Strap and 5 Plectrums (BLACK)","4,299",7 days Replacement,"Sunday, 18 December",In stock.,https://www.amazon.in/sspa/click?ie=UTF8&spc=MTo1NDUwNDgzMDA4NDk2MzI5OjE2NzA5MjE3ODA6c3BfYnRmOjIwMDk5ODg4Mzk5Mjk4OjowOjo&url=%2FGivson-Ketostics-Guitar-Acoustic-Plectrums%2Fdp%2FB08KS5MRSC%2Fref%3Dsr_1_108_sspa%3Fkeywords%3Dguitar%26qid%3D1670921780%26sr%3D8-108-spons%26sp_csd%3Dd2lkZ2V0TmFtZT1zcF9idGY%26psc%3D1
135, blueberry Store,"Blueberry 38C, 38"" Acoustic Guitar Kit with Bag, Strap, One Pack Strings And Picks (Natural)","2,695",7 days Replacement,"Saturday, 17 December",In stock.,https://www.amazon.in/sspa/click?ie=UTF8&spc=MTo0NTU0NTU3MzUxNzAzODU4OjE2NzA5MjE3OTc6c3BfYXRmX25leHQ6MjAwNzgzMzY4ODcwOTg6OjA6Og&url=%2FBlueberry-38C-Acoustic-Strings-Natural%2Fdp%2FB08KLNFL2Y%2Fref%3Dsr_1_97_sspa%3Fkeywords%3Dguitar%26qid%3D1670921797%26sr%3D8-97-spons%26sp_csd%3Dd2lkZ2V0TmFtZT1zcF9hdGZfbmV4dA%26psc%3D1
136, FESTRA Store,"Festra R-40- Trussrod Acoustic Guitar Kit with Bag, Strap, One Pack Strings and Picks (Black)","4,495",7 days Returnable,"Saturday, 17 December",In stock.,https://www.amazon.in/sspa/click?ie=UTF8&spc=MTo0NTU0NTU3MzUxNzAzODU4OjE2NzA5MjE3OTc6c3BfYXRmX25leHQ6MjAwNzgzMzY4ODU1OTg6OjA6Og&url=%2FFestra-Trussrod-Acoustic-Guitar-Strings%2Fdp%2FB09VLBKD2M%2Fref%3Dsr_1_98_sspa%3Fkeywords%3Dguitar%26qid%3D1670921797%26sr%3D8-98-spons%26sp_csd%3Dd2lkZ2V0TmFtZT1zcF9hdGZfbmV4dA%26psc%3D1
137, blueberry Store,"Blueberry B-D38, 38"" Acoustic Guitar Kit Inbuilt Truss Rod, with Bag, Strap, One Pack Strings And Picks (MAROON BROWN)","2,895",7 days Returnable,December 15 - 17,In stock.,https://www.amazon.in/sspa/click?ie=UTF8&spc=MTo0NTU0NTU3MzUxNzAzODU4OjE2NzA5MjE3OTc6c3BfYXRmX25leHQ6MjAwNzgzMzY4ODUwOTg6OjA6Og&url=%2FBlueberry-B-D38-Acoustic-Inbuilt-Strings%2Fdp%2FB0B74CSY9V%2Fref%3Dsr_1_99_sspa%3Fkeywords%3Dguitar%26qid%3D1670921797%26sr%3D8-99-spons%26sp_csd%3Dd2lkZ2V0TmFtZT1zcF9hdGZfbmV4dA%26psc%3D1
138, blueberry Store,"Blueberry B-40, 40"" Acoustic Guitar Kit Inbuilt Truss Rod, with Bag,Belt, One Pack Strings And Picks (Black)","4,990",7 days Replacement,"Saturday, 17 December",In stock.,https://www.amazon.in/sspa/click?ie=UTF8&spc=MTo0NTU0NTU3MzUxNzAzODU4OjE2NzA5MjE3OTc6c3BfYXRmX25leHQ6MjAwNzgzMzY4ODkxOTg6OjA6Og&url=%2FBlueberry-B-40Y-Acoustic-Inbuilt-Strings%2Fdp%2FB07PLK112T%2Fref%3Dsr_1_100_sspa%3Fkeywords%3Dguitar%26qid%3D1670921797%26sr%3D8-100-spons%26sp_csd%3Dd2lkZ2V0TmFtZT1zcF9hdGZfbmV4dA%26psc%3D1
139, ORANGEWOOD GUITARS,ORANGEWOOD REY-S SPRUCE GRAND AUDITORIUM CUTAWAY ACOUSTIC GUITAR,"13,899",7 days Replacement,"Friday, 16 December",In stock.,https://www.amazon.in/Orangewood-Auditorium-Acoustic-Earthwood-Included/dp/B07BNGWKRG/ref=sr_1_101?keywords=guitar&qid=1670921797&sr=8-101
140, Epiphone,"Epiphone DR-100 Acoustic Guitar, Vintage Sunburst","15,500",7 days Replacement,"Thursday, 15 December",In stock.,https://www.amazon.in/Epiphone-DR-100-Acoustic-Vintage-Sunburst/dp/B0002F7IV2/ref=sr_1_102?keywords=guitar&qid=1670921797&sr=8-102
141, Walden,"Walden, Acoustic Guitar, Orchestra, with Bag -Satin Natural O550E/W","36,030",7 days Replacement,"Thursday, 15 December",Only 1 left in stock.,https://www.amazon.in/Walden-Acoustic-Orchestra-Natural-O550E/dp/B086XGPWN1/ref=sr_1_103?keywords=guitar&qid=1670921797&sr=8-103
142, JUAREZ Store,"Juarez Acoustic Guitar, [LEFT HANDED] 96.52 cm (38 Inch) Cutaway, 38CL/3TS with Bag, Strings, Pick and Strap, 3TS Sunburst","2,649",7 days Replacement,"Thursday, 15 December",In stock.,https://www.amazon.in/Acoustic-Cutaway-3TS-Strings-Sunburst/dp/B098BD1MHM/ref=sr_1_104?keywords=guitar&qid=1670921797&sr=8-104
143, PRS Guitars Store,"PRS Guitars Electric Guitar, SE Standard 245, 2021 Series -Tobacco Sunburst ST245TS","66,590",7 days Replacement,"Thursday, 15 December",Only 2 left in stock.,https://www.amazon.in/PRS-Guitars-Electric-Standard-ST245TS/dp/B08X4NL6BP/ref=sr_1_105?keywords=guitar&qid=1670921797&sr=8-105
144, Fender,Fender 370910506 Squier MM Stratocaster Electric Guitar - Black with Maple Neck,"10,630",7 days Replacement,"Thursday, 15 December",Only 1 left in stock.,https://www.amazon.in/Fender-Squier-Stratocaster-Electric-Guitar/dp/B07T2R7PGY/ref=sr_1_106?keywords=guitar&qid=1670921797&sr=8-106
145, Ibanez Store,"Ibanez Acoustic Guitar MD39C Right Handed Cutaway Guitar - Natural With Bag, Belt, Plectrums Complete Pack.","8,980",7 days Replacement,"Friday, 16 December",In stock.,https://www.amazon.in/Ibanez-Acoustic-Guitar-Handed-Cutaway/dp/B08FMW6WJM/ref=sr_1_107?keywords=guitar&qid=1670921797&sr=8-107
146, Fender,Fender 0930307032 SA-105CE Dreadnought Cutaway Electric Guitar - Sunburst,"11,815",7 days Replacement,"Saturday, 17 December",Only 2 left in stock.,https://www.amazon.in/Fender-0930307032-SA-105CE-Dreadnought-Electric/dp/B009X3PM08/ref=sr_1_108_mod_primary_new?keywords=guitar&qid=1670921797&sbo=RZvfv%2F%2FHxDF%2BO5021pAnSA%3D%3D&sr=8-108
147, Fender,Fender 0930307032 SA-105CE Dreadnought Cutaway Electric Guitar - Sunburst,"11,815",7 days Replacement,"Saturday, 17 December",Only 2 left in stock.,https://www.amazon.in/Fender-0930307032-SA-105CE-Dreadnought-Electric/dp/B009X3PM08/ref=sr_1_108_mod_new?keywords=guitar&qid=1670921797&qu=eyJxc2MiOiI1Ljc2IiwicXNhIjoiNS4yNyIsInFzcCI6IjQuMDIifQ%3D%3D&sbo=RZvfv%2F%2FHxDF%2BO5021pAnSA%3D%3D&sr=8-108
148, Fender,Fender 0930307032 SA-105CE Dreadnought Cutaway Electric Guitar - Sunburst,"11,815",7 days Replacement,"Saturday, 17 December",Only 2 left in stock.,https://www.amazon.in/Fender-0930307032-SA-105CE-Dreadnought-Electric/dp/B009X3PM08/ref=sr_1_108_mod_new?keywords=guitar&qid=1670921797&qu=eyJxc2MiOiI1Ljc2IiwicXNhIjoiNS4yNyIsInFzcCI6IjQuMDIifQ%3D%3D&sbo=RZvfv%2F%2FHxDF%2BO5021pAnSA%3D%3D&sr=8-108
149, VAULT Store,"Vault EA20 Guitar Kit with Learn to Play Ebook, Bag, Strings, Straps, Picks, String winder & Polishing Cloth - 40 inch Cutaway Acoustic Guitar","4,669",7 days Replacement,"Thursday, 15 December",In stock.,https://www.amazon.in/Strings-Straps-String-winder-Polishing/dp/B07RV9FJ2Z/ref=sr_1_109?keywords=guitar&qid=1670921797&sr=8-109
150, Fender,Fender Squier CD 60 Dread V3 DS 6 String Acoustic Guitar Solid Top - Walnut Fretboard-Sunburst 0970110532 One of The Most reputed Guitar Brands in the World,"12,531",7 days Replacement,"Thursday, 15 December",In stock.,https://www.amazon.in/Fender-Dread-String-Acoustic-Guitar/dp/B07RM21D8X/ref=sr_1_110?keywords=guitar&qid=1670921797&sr=8-110
151, Epiphone,"Epiphone Les Paul Muse 6 String Right Handed Electric Guitar, Purple Passion Metallic","49,900",7 days Replacement,"Friday, 16 December",In stock.,https://www.amazon.in/Epiphone-String-Electric-Passion-Metallic/dp/B0892S4JVX/ref=sr_1_111?keywords=guitar&qid=1670921797&sr=8-111
152, JUAREZ Store,"Juârez JRZ38C/WH 6 Strings Acoustic Guitar 38 Inch Cutaway, Right Handed, White with Bag, Strings, Picks and Strap","3,317",7 days Replacement,"Thursday, 15 December",In stock.,https://www.amazon.in/Ju%C3%A2rez-JRZ38C-WH-Strings-Acoustic/dp/B072MFK4L6/ref=sr_1_112?keywords=guitar&qid=1670921797&sr=8-112
153, JUAREZ Store,"Juârez JRZ38C/ASH 6 Strings Acoustic Guitar 38 Inch Cutaway, Right Handed, Ash with Bag, Strings, Picks and Strap","3,119",7 days Replacement,"Thursday, 15 December",In stock.,https://www.amazon.in/Juarez-JRZ38C-ASH-Strings-Acoustic/dp/B072JTPNZC/ref=sr_1_113?keywords=guitar&qid=1670921797&sr=8-113
154, Intern Store,"Intern INT-38C-SB-G Linden Wood Cutaway Right Handed Acoustic Guitar Kit, With Bag, Strings, Pick And Strap (Sunburst, 6 Strings)","2,499",7 days Replacement,"Thursday, 15 December",In stock.,https://www.amazon.in/Intern-INT-38C-SB-G-Guitar-Kit-Sunburst/dp/B07K8WLPLH/ref=sr_1_114?keywords=guitar&qid=1670921797&sr=8-114
155, blueberry Store,"Blueberry 38C, 38"" Acoustic Guitar Kit with Bag, Strap, One Pack Strings And Picks (Natural)","2,695",7 days Replacement,"Saturday, 17 December",In stock.,https://www.amazon.in/Blueberry-38C-Acoustic-Strings-Natural/dp/B08KLNFL2Y/ref=sr_1_115?keywords=guitar&qid=1670921797&sr=8-115
156, Fender,Fender Squier SA-150 Dreadnought Acoustic Guitar 0961090021,"6,848",7 days Replacement,"Thursday, 15 December",In stock.,https://www.amazon.in/Fender-SA-150-Acoustic-Guitar-Multicolor/dp/B0765G46BM/ref=sr_1_116?keywords=guitar&qid=1670921797&sr=8-116
157, GIVSON Store,"Givson Ketostics Venus Special VS-BLK, Acoustic Guitar Combo with Cover/Bag, String Set, Belt and Picks","4,299",7 days Replacement,"Sunday, 18 December",In stock.,https://www.amazon.in/sspa/click?ie=UTF8&spc=MTo0NTU0NTU3MzUxNzAzODU4OjE2NzA5MjE3OTc6c3BfbXRmOjIwMDk5ODg4Mzk5NTk4OjowOjo&url=%2FGIVSON-KETOSTICS-VS-BLK-Strings-Acoustic%2Fdp%2FB07R9ZLSNL%2Fref%3Dsr_1_117_sspa%3Fkeywords%3Dguitar%26qid%3D1670921797%26sr%3D8-117-spons%26sp_csd%3Dd2lkZ2V0TmFtZT1zcF9tdGY%26psc%3D1
158, blueberry Store,"Blueberry B40L, 40"" Acoustic Guitar Kit Inbuilt Truss Rod with Bag, Strap, One Pack Strings And Picks (Redburst)","4,295",7 days Replacement,"Saturday, 17 December",In stock.,https://www.amazon.in/sspa/click?ie=UTF8&spc=MTo0NTU0NTU3MzUxNzAzODU4OjE2NzA5MjE3OTc6c3BfbXRmOjIwMDc4MzM2ODg4MDk4OjowOjo&url=%2FBlueberry-Acoustic-Guitar-Inbuilt-Strings%2Fdp%2FB07XFNQYH5%2Fref%3Dsr_1_118_sspa%3Fkeywords%3Dguitar%26qid%3D1670921797%26sr%3D8-118-spons%26sp_csd%3Dd2lkZ2V0TmFtZT1zcF9tdGY%26psc%3D1
159, VAULT Store,Vault DA40 41 Inch Premium Solid Spruce-Top Dreadnought Acoustic Guitar With Allen Key,"6,930",7 days Returnable,"Thursday, 15 December",In stock.,https://www.amazon.in/sspa/click?ie=UTF8&spc=MTo0NTU0NTU3MzUxNzAzODU4OjE2NzA5MjE3OTc6c3BfbXRmOjIwMDkyNjI0MDIxNDk4OjowOjo&url=%2FPremium-Spruce-Top-Dreadnought-Acoustic-Guitar%2Fdp%2FB0BJK1CWSN%2Fref%3Dsr_1_119_sspa%3Fkeywords%3Dguitar%26qid%3D1670921797%26sr%3D8-119-spons%26sp_csd%3Dd2lkZ2V0TmFtZT1zcF9tdGY%26psc%3D1
160, MUSTANG Store,Mustang 46 PCS Guitar Strings Changing Kit Guitar Tool Kit Including Guitar Strings Guitar Tuner Picks Capo Pins Guitar String Cutter and Winder for Beginner,895,7 days Replacement,"Sunday, 18 December",In stock.,https://www.amazon.in/sspa/click?ie=UTF8&spc=MTo0NTU0NTU3MzUxNzAzODU4OjE2NzA5MjE3OTc6c3BfbXRmOjIwMDU3ODE3MzY4ODk4OjowOjo&url=%2FMustang-Strings-Changing-Including-Beginner%2Fdp%2FB07S19LGLR%2Fref%3Dsr_1_120_sspa%3Fkeywords%3Dguitar%26qid%3D1670921797%26sr%3D8-120-spons%26sp_csd%3Dd2lkZ2V0TmFtZT1zcF9tdGY%26psc%3D1
161, Kadence Store,"Kadence Frontier Series,Black Acoustic Guitar With Die Cast Keys Combo (Bag,strap,strings and 3 picks)","4,999",7 days Replacement,"Saturday, 17 December",In stock.,https://www.amazon.in/Kadence-Frontier-Acoustic-Guitar-Strings/dp/B01CJJG328/ref=sr_1_121?keywords=guitar&qid=1670921797&sr=8-121
162, Generic,Squier SA-150N Squier Beginner Nylon String Classical Acoustic Guitar - Natural,"9,899",7 days Replacement,"Thursday, 15 December",Only 2 left in stock.,https://www.amazon.in/Squier-SA-150N-Beginner-Classical-Acoustic/dp/B07MZZRTD9/ref=sr_1_122?keywords=guitar&qid=1670921797&sr=8-122
163, YAMAHA Store,"Yamaha F310-TBS Right Handed Acoustic Guitar with Cover (Tobacco Sunburst, 6-Strings)","9,995",7 days Replacement,"Saturday, 17 December",In stock.,https://www.amazon.in/Yamaha-F310-TBS-Acoustic-Sunburst-6-Strings/dp/B01LXMFUSM/ref=sr_1_123?keywords=guitar&qid=1670921797&sr=8-123
164, YAMAHA Store,Yamaha FX280 Tobacco Brown Sunburst Electro Acoustic Guitar,"10,990",7 days Replacement,"Saturday, 17 December",In stock.,https://www.amazon.in/FX280-acoustic-Dreadnought-Tobacco-Sunburst/dp/B09HR7BXGW/ref=sr_1_124?keywords=guitar&qid=1670921797&sr=8-124
165, VAULT Store,"Vault Junior 30 Inch Acoustic Guitar for Kids with Truss Rod, Gig-Bag, Strings, Straps, Picks, String winder, Polishing Cloth & E-Book - Natural Gloss","3,999",7 days Replacement,"Thursday, 15 December",In stock.,https://www.amazon.in/Junior-Acoustic-Guitar-Strings-Polishing/dp/B07RMJ88G2/ref=sr_1_125?keywords=guitar&qid=1670921797&sr=8-125
166, ORANGEWOOD GUITARS,"Orangewood 6 String Acoustic Guitar, Right, Mahogany (OW-DANA-M)","13,084",7 days Replacement,"Saturday, 17 December",Only 2 left in stock.,https://www.amazon.in/Orangewood-String-Acoustic-Mahogany-OW-DANA-M/dp/B07MQ8PR5Q/ref=sr_1_126?keywords=guitar&qid=1670921797&sr=8-126
167, YAMAHA Store,"Yamaha F310 Acoustic Guitar with Cover (Natural, 6-Strings)","9,950",7 days Replacement,"Saturday, 17 December",In stock.,https://www.amazon.in/Yamaha-F310Cover-Acoustic-Natural-6-Strings/dp/B01LXMGHL5/ref=sr_1_127?keywords=guitar&qid=1670921797&sr=8-127
168, Kadence Store,"Kadence Astro Man Electric Guitar, 24 FRETS, H- S - S PICK UPS Walnut Top with Alder wood Back and Sides (white) With Amplifier","9,899",7 days Replacement,"Saturday, 17 December",In stock.,https://www.amazon.in/Kadence-Astro-Electric-Guitar-FRETS/dp/B09YHPH1MZ/ref=sr_1_128?keywords=guitar&qid=1670921797&sr=8-128
169, JUAREZ Store,"JUAREZ Arpeggio 39 Inch Acoustic Guitar Kit, Spruce Top, Rosewood Fretboard & Bridge, Truss Rod, Chrome Die Cast Machine Tuners, Red","3,224",Returns Policy,-,,https://www.amazon.in/JUAREZ-Arpeggio-Acoustic-Rosewood-Fretboard/dp/B08LBJ8PTM/ref=sr_1_129?keywords=guitar&qid=1670921797&sr=8-129
170, Kadence Store,"Kadence Guitar Frontier Series, Blue Acoustic Guitar with Die Cast Keys, Set of Strings, Strap, Picks, Guitar stand, Capo and Bag, Super Combo (Blue, Acoustic)","4,999",7 days Replacement,"Saturday, 17 December",In stock.,https://www.amazon.in/Kadence-Frontier-Acoustic-Foldable-Strings/dp/B01CJJGEVS/ref=sr_1_130?keywords=guitar&qid=1670921797&sr=8-130
171, YAMAHA Store,"Yamaha F370 Acoustic Guitar, Natural","12,990",7 days Replacement,December 19 - 21,Only 1 left in stock.,https://www.amazon.in/Yamaha-F370-Acoustic-Guitar-Natural/dp/B000WITPJM/ref=sr_1_131_mod_primary_new?keywords=guitar&qid=1670921797&sbo=RZvfv%2F%2FHxDF%2BO5021pAnSA%3D%3D&sr=8-131
172, YAMAHA Store,"Yamaha F370 Acoustic Guitar, Natural","12,990",7 days Replacement,December 19 - 21,Only 1 left in stock.,https://www.amazon.in/Yamaha-F370-Acoustic-Guitar-Natural/dp/B000WITPJM/ref=sr_1_131_mod_new?keywords=guitar&qid=1670921797&qu=eyJxc2MiOiI1Ljc2IiwicXNhIjoiNS4yNyIsInFzcCI6IjQuMDIifQ%3D%3D&sbo=RZvfv%2F%2FHxDF%2BO5021pAnSA%3D%3D&sr=8-131
173, YAMAHA Store,"Yamaha F370 Acoustic Guitar, Natural","12,990",7 days Replacement,December 19 - 21,Only 1 left in stock.,https://www.amazon.in/Yamaha-F370-Acoustic-Guitar-Natural/dp/B000WITPJM/ref=sr_1_131_mod_new?keywords=guitar&qid=1670921797&qu=eyJxc2MiOiI1Ljc2IiwicXNhIjoiNS4yNyIsInFzcCI6IjQuMDIifQ%3D%3D&sbo=RZvfv%2F%2FHxDF%2BO5021pAnSA%3D%3D&sr=8-131
174, YAMAHA Store,"Yamaha C40M Classical Guitar, Sprucewood (Brown)","8,990",7 days Replacement,December 15 - 17,Only 2 left in stock.,https://www.amazon.in/Yamaha-C40MII-Acoustic-Concert-Guitar/dp/B005LG2JRK/ref=sr_1_132?keywords=guitar&qid=1670921797&sr=8-132
175, Pluto,Pluto HW41C-201 41-inch Cutaway Acoustic Guitar (Natural),"7,001",7 days Replacement,"Friday, 16 December",In stock.,https://www.amazon.in/Pluto-HW41C201-HW41C-201-Acoustic-Guitar/dp/B014R94H1W/ref=sr_1_133?keywords=guitar&qid=1670921797&sr=8-133
176, HOVNER,"Hovner 215 Crown Orange Sunburst F-Cut Rosewood Fretboard Acoustic Guitar With Bag,Strap,1 Set of Extra Strings and 2 Picks By K-Retail","4,480",7 days Replacement,"Monday, 19 December",In stock.,https://www.amazon.in/Rosewood-Fretboard-Sunburst-Electro-Acoustic/dp/B07L4P3XT8/ref=sr_1_134?keywords=guitar&qid=1670921797&sr=8-134
177, Squier by Fender,"Squier by Fender Bulletstrathssawt Linden Electric Guitar, White","14,999",7 days Replacement,"Thursday, 15 December",In stock.,https://www.amazon.in/Fender-Squier-Bulletstrathssawt-Stratocaster-Electric/dp/B0171NPNYQ/ref=sr_1_135?keywords=guitar&qid=1670921797&sr=8-135
178, Fender,Fender Classic Design Dreadnought Acoustic Guitar Solid Top CD-60S Right-Hand (Black) One of The Most reputed Guitar Brands in the World,"13,340",7 days Replacement,-,-,https://www.amazon.in/Fender-Classic-Design-Dreadnought-Acoustic/dp/B07HYS18LJ/ref=sr_1_136?keywords=guitar&qid=1670921797&sr=8-136
179, JUAREZ Store,"JUAREZ Arpeggio Guitar JRA41SP-RD-K, red","6,738",7 days Replacement,"Thursday, 15 December",In stock.,https://www.amazon.in/JUAREZ-Arpeggio-Guitar-JRA41SP-RD-K-red/dp/B08MW8CWG8/ref=sr_1_137?keywords=guitar&qid=1670921797&sr=8-137
180, B For Best,B For Best 4 String Acoustic Décor Guitar Children's Educational Musical Instrument Child Learning Random Brown Best Gift Boys & Girls 24 Inch Kids Keep Tone Picks Strap Ability Beginner Sound,899,10 days Returnable,"Friday, 16 December",In stock.,https://www.amazon.in/Best-Acoustic-Childrens-Educational-Instrument/dp/B0BMYJ3PXY/ref=sr_1_138?keywords=guitar&qid=1670921797&sr=8-138
181, JUAREZ Store,"JUAREZ Arpéggio 104.14 cm (41 Inch) Semi-Acoustic Guitar Kit, Thin Line Body, Spruce Top, with 4 Band EQ, Natural","6,658",7 days Replacement,"Thursday, 15 December",In stock.,https://www.amazon.in/JUAREZ-Arp%C3%A9ggio-Semi-Acoustic-Guitar-Natural/dp/B08KHFJKZK/ref=sr_1_139?keywords=guitar&qid=1670921797&sr=8-139
182, PRS Guitars Store,"PRS Guitars Acoustic Electric Guitar, AX20E Special India Model w/Fishman Pickup -Natural AXM20EGB,AXM20EGB NA","41,832",7 days Replacement,"Monday, 19 December",Only 2 left in stock.,https://www.amazon.in/PRS-Guitars-Acoustic-AXM20EGB-NA/dp/B09K5NMD7V/ref=sr_1_140?keywords=guitar&qid=1670921797&sr=8-140
183, Cort,"Cort SFX-MEM Electro Acoustic Guitar - Open Pore, Mahogany, SFXMEMOP (SFXMEMOP)","14,299",7 days Replacement,"Thursday, 15 December",Only 1 left in stock.,https://www.amazon.in/Cort-SFX-MEM-Electro-Acoustic-Guitar/dp/B0915ZCZWK/ref=sr_1_141?keywords=guitar&qid=1670921797&sr=8-141
184, YAMAHA Store,Yamaha F Series FSX315C Concert Cutaway Acoustic-Electric Guitar - Natural,"18,990",7 days Replacement,December 15 - 17,Only 1 left in stock.,https://www.amazon.in/Yamaha-FSX315C-Concert-Cutaway-Acoustic-Electric/dp/B00H576YCO/ref=sr_1_142?keywords=guitar&qid=1670921797&sr=8-142
185, YAMAHA Store,Yamaha FSX80C Semi acoustic cutaway guitar (natural),"11,030",7 days Replacement,,,https://www.amazon.in/Yamaha-FSX80C-Acoustic-Cutaway-Natural/dp/B09HL3GFZF/ref=sr_1_143_mod_primary_new?keywords=guitar&qid=1670921797&sbo=RZvfv%2F%2FHxDF%2BO5021pAnSA%3D%3D&sr=8-143
186, YAMAHA Store,Yamaha FSX80C Semi acoustic cutaway guitar (natural),"11,030",7 days Replacement,,,https://www.amazon.in/Yamaha-FSX80C-Acoustic-Cutaway-Natural/dp/B09HL3GFZF/ref=sr_1_143_mod_new?keywords=guitar&qid=1670921797&qu=eyJxc2MiOiI1Ljc2IiwicXNhIjoiNS4yNyIsInFzcCI6IjQuMDIifQ%3D%3D&sbo=RZvfv%2F%2FHxDF%2BO5021pAnSA%3D%3D&sr=8-143
187, YAMAHA Store,Yamaha FSX80C Semi acoustic cutaway guitar (natural),"11,030",7 days Replacement,,,https://www.amazon.in/Yamaha-FSX80C-Acoustic-Cutaway-Natural/dp/B09HL3GFZF/ref=sr_1_143_mod_new?keywords=guitar&qid=1670921797&qu=eyJxc2MiOiI1Ljc2IiwicXNhIjoiNS4yNyIsInFzcCI6IjQuMDIifQ%3D%3D&sbo=RZvfv%2F%2FHxDF%2BO5021pAnSA%3D%3D&sr=8-143
188, Cort,"Cort CR200 GT, 6 Strings Electric Guitar, Right-Handed, Gold Top, without case","28,780",7 days Replacement,"Thursday, 15 December",In stock.,https://www.amazon.in/Cort-Strings-Electric-Right-Handed-without/dp/B00LCRUAKU/ref=sr_1_144?keywords=guitar&qid=1670921797&sr=8-144
189, FESTRA Store,"Festra 38C, 38 Inch Acoustic Guitar Kit with Bag, Strap, One Pack Strings And 2 Picks (Acoustic 38C (38 Inch) Guitar Kit, Sunburst)","2,695",7 days Replacement,"Saturday, 17 December",In stock.,https://www.amazon.in/Festra-38C-Acoustic-Strings-Sunburst/dp/B09JT67MS5/ref=sr_1_145?keywords=guitar&qid=1670921797&sr=8-145
190, Fender,"Fender FA-235E 25.5 Inches Sprucewood Concert Bodied Acoustic Guitar (Moonlight Burst, Multicolour)","27,985",7 days Replacement,"Friday, 16 December",In stock.,https://www.amazon.in/Fender-FA-235E-Concert-Bodied-Acoustic/dp/B07BCQ7P7Z/ref=sr_1_146?keywords=guitar&qid=1670921797&sr=8-146
191, YAMAHA Store,Yamaha F-600 6-Strings Acoustic Guitar (Natural),"14,490",7 days Replacement,"Friday, 16 December",Only 1 left in stock.,https://www.amazon.in/Yamaha-6-Strings-Acoustic-Guitar-Natural/dp/B006N4MPEQ/ref=sr_1_147?keywords=guitar&qid=1670921797&sr=8-147
192, Kadence Store,"Kadence acoustica 40"" Semi Acoustic Guitar With Equalizer AG01M Spruce Top with Mahogany back and Sides with bag","8,999",7 days Replacement,"Saturday, 17 December",In stock.,https://www.amazon.in/Kadence-acoustica-Acoustic-Equalizer-Mahogany/dp/B07NP3WH83/ref=sr_1_148?keywords=guitar&qid=1670921797&sr=8-148
193, Belear,Belear I-280 38 Inch Blue Spruce Cutaway Acoustic Guitar with Dual Action Truss Rod,"2,699",7 days Returnable,"Saturday, 17 December",In stock.,https://www.amazon.in/Belear-I-280-Blue-Cutaway-Acoustic/dp/B0BC9DG4Q3/ref=sr_1_149?keywords=guitar&qid=1670921797&sr=8-149
194, Cort,"Cort AD810-OP Acoustic Guitar, Brown With Padded Bag, Belt, Plectrums & Guitar Tuner Complete Pack","10,582",7 days Replacement,"Thursday, 15 December",In stock.,https://www.amazon.in/Cort-CAP810-OP-Acoustic-Plectrums-Complete/dp/B08D7SWGG5/ref=sr_1_150?keywords=guitar&qid=1670921797&sr=8-150
195, Martin Smith,Martin Smith W-101-N-PK Acoustic Guitar Super Kit with Stand (Natural),"6,189",7 days Replacement,"Thursday, 15 December",In stock.,https://www.amazon.in/Martin-Smith-W-101-N-PK-Acoustic-Natural/dp/B00UOUK4IE/ref=sr_1_151?keywords=guitar&qid=1670921797&sr=8-151
196, CHANGER,CHANGER rosewood 21 fret acoustic guitar black & white guitar,"3,690",7 days Returnable,"Monday, 19 December",In stock.,https://www.amazon.in/CHANGER-rosewood-acoustic-guitar-black/dp/B0BJDN87H3/ref=sr_1_152?keywords=guitar&qid=1670921797&sr=8-152
197, blueberry Store,"Blueberry 38C, 38"" Acoustic Guitar Kit with Bag, Strap, One Pack Strings And Picks (Sunburst)","2,395",7 days Replacement,"Saturday, 17 December",In stock.,https://www.amazon.in/sspa/click?ie=UTF8&spc=MTo0NTU0NTU3MzUxNzAzODU4OjE2NzA5MjE3OTc6c3BfYnRmOjIwMDc4MzM2ODg4NDk4OjowOjo&url=%2FBlueberry-38C-Acoustic-Strings-Sunburst%2Fdp%2FB08KLMQN88%2Fref%3Dsr_1_153_sspa%3Fkeywords%3Dguitar%26qid%3D1670921797%26sr%3D8-153-spons%26sp_csd%3Dd2lkZ2V0TmFtZT1zcF9idGY%26psc%3D1
198, Right Search,Right Search ® Mini Musical Guitar Toy _g1,299,7 days Replacement,"Sunday, 18 December",In stock.,https://www.amazon.in/sspa/click?ie=UTF8&spc=MTo0NTU0NTU3MzUxNzAzODU4OjE2NzA5MjE3OTc6c3BfYnRmOjIwMDc3ODY4NTg2Mjk4OjowOjo&url=%2FRight-Search-Mini-Musical-Guitar%2Fdp%2FB0B6FJNP9S%2Fref%3Dsr_1_154_sspa%3Fkeywords%3Dguitar%26qid%3D1670921797%26sr%3D8-154-spons%26sp_csd%3Dd2lkZ2V0TmFtZT1zcF9idGY%26psc%3D1
199, blueberry Store,Blueberry D38 38 Inches Trussrod Lindenwood Acoustic Guitar Kit (Blue),"2,895",7 days Replacement,"Saturday, 17 December",In stock.,https://www.amazon.in/sspa/click?ie=UTF8&spc=MTo0NTU0NTU3MzUxNzAzODU4OjE2NzA5MjE3OTc6c3BfYnRmOjIwMDc4MzM2ODg3ODk4OjowOjo&url=%2FBlueberry-Acoustic-Guitar-inbuilt-Truss-rod%2Fdp%2FB08T8HW3K7%2Fref%3Dsr_1_155_sspa%3Fkeywords%3Dguitar%26qid%3D1670921797%26sr%3D8-155-spons%26sp_csd%3Dd2lkZ2V0TmFtZT1zcF9idGY%26psc%3D1
200, blueberry Store,"Blueberry B-40, 40"" Acoustic Guitar Kit with Bag,Belt, One Pack Strings & Picks (Black)","4,990",7 days Replacement,"Saturday, 17 December",In stock.,https://www.amazon.in/sspa/click?ie=UTF8&spc=MTo0NTU0NTU3MzUxNzAzODU4OjE2NzA5MjE3OTc6c3BfYnRmOjIwMDc4MzM2ODg5MDk4OjowOjo&url=%2FBlueberry-Acoustic-Guitar-Strings-Picks%2Fdp%2FB08L7NQB57%2Fref%3Dsr_1_156_sspa%3Fkeywords%3Dguitar%26qid%3D1670921797%26sr%3D8-156-spons%26sp_csd%3Dd2lkZ2V0TmFtZT1zcF9idGY%26psc%3D1
